ccode;cname;year;ccode_qog;cname_qog;ccodealp;ccodecow;cname_year;ccodealp_year;lis_pr9010
36,00;Australia;1981;36;Australia;AUS;900,00;Australia 1981;AUS81;3,94
36,00;Australia;1985;36;Australia;AUS;900,00;Australia 1985;AUS85;3,97
36,00;Australia;1989;36;Australia;AUS;900,00;Australia 1989;AUS89;4,17
36,00;Australia;1995;36;Australia;AUS;900,00;Australia 1995;AUS95;4,08
36,00;Australia;2001;36;Australia;AUS;900,00;Australia 2001;AUS01;4,29
36,00;Australia;2003;36;Australia;AUS;900,00;Australia 2003;AUS03;4,29
36,00;Australia;2004;36;Australia;AUS;900,00;Australia 2004;AUS04;4,16
36,00;Australia;2008;36;Australia;AUS;900,00;Australia 2008;AUS08;4,50
36,00;Australia;2010;36;Australia;AUS;900,00;Australia 2010;AUS10;4,53
36,00;Australia;2014;36;Australia;AUS;900,00;Australia 2014;AUS14;4,27
36,00;Australia;2016;36;Australia;AUS;900,00;Australia 2016;AUS16;4,25
36,00;Australia;2018;36;Australia;AUS;900,00;Australia 2018;AUS18;4,28
40,00;Austria;1994;40;Austria;AUT;305,00;Austria 1994;AUT94;3,51
40,00;Austria;1996;40;Austria;AUT;305,00;Austria 1996;AUT96;3,24
40,00;Austria;1997;40;Austria;AUT;305,00;Austria 1997;AUT97;3,30
40,00;Austria;1998;40;Austria;AUT;305,00;Austria 1998;AUT98;3,32
40,00;Austria;1999;40;Austria;AUT;305,00;Austria 1999;AUT99;3,17
40,00;Austria;2000;40;Austria;AUT;305,00;Austria 2000;AUT00;3,15
40,00;Austria;2003;40;Austria;AUT;305,00;Austria 2003;AUT03;3,22
40,00;Austria;2004;40;Austria;AUT;305,00;Austria 2004;AUT04;3,22
40,00;Austria;2005;40;Austria;AUT;305,00;Austria 2005;AUT05;3,19
40,00;Austria;2006;40;Austria;AUT;305,00;Austria 2006;AUT06;3,25
40,00;Austria;2007;40;Austria;AUT;305,00;Austria 2007;AUT07;3,62
40,00;Austria;2008;40;Austria;AUT;305,00;Austria 2008;AUT08;3,44
40,00;Austria;2009;40;Austria;AUT;305,00;Austria 2009;AUT09;3,67
40,00;Austria;2010;40;Austria;AUT;305,00;Austria 2010;AUT10;3,48
40,00;Austria;2011;40;Austria;AUT;305,00;Austria 2011;AUT11;3,49
40,00;Austria;2012;40;Austria;AUT;305,00;Austria 2012;AUT12;3,46
40,00;Austria;2013;40;Austria;AUT;305,00;Austria 2013;AUT13;3,42
40,00;Austria;2014;40;Austria;AUT;305,00;Austria 2014;AUT14;3,38
40,00;Austria;2015;40;Austria;AUT;305,00;Austria 2015;AUT15;3,32
40,00;Austria;2016;40;Austria;AUT;305,00;Austria 2016;AUT16;3,53
40,00;Austria;2017;40;Austria;AUT;305,00;Austria 2017;AUT17;3,50
40,00;Austria;2018;40;Austria;AUT;305,00;Austria 2018;AUT18;3,43
40,00;Austria;2019;40;Austria;AUT;305,00;Austria 2019;AUT19;3,60
40,00;Austria;2020;40;Austria;AUT;305,00;Austria 2020;AUT20;3,52
40,00;Austria;2021;40;Austria;AUT;305,00;Austria 2021;AUT21;3,46
56,00;Belgium;1985;56;Belgium;BEL;211,00;Belgium 1985;BEL85;2,74
56,00;Belgium;1988;56;Belgium;BEL;211,00;Belgium 1988;BEL88;2,78
56,00;Belgium;1992;56;Belgium;BEL;211,00;Belgium 1992;BEL92;2,79
56,00;Belgium;1995;56;Belgium;BEL;211,00;Belgium 1995;BEL95;3,26
56,00;Belgium;1997;56;Belgium;BEL;211,00;Belgium 1997;BEL97;3,20
56,00;Belgium;2000;56;Belgium;BEL;211,00;Belgium 2000;BEL00;3,32
56,00;Belgium;2003;56;Belgium;BEL;211,00;Belgium 2003;BEL03;3,35
56,00;Belgium;2004;56;Belgium;BEL;211,00;Belgium 2004;BEL04;3,28
56,00;Belgium;2005;56;Belgium;BEL;211,00;Belgium 2005;BEL05;3,37
56,00;Belgium;2006;56;Belgium;BEL;211,00;Belgium 2006;BEL06;3,42
56,00;Belgium;2007;56;Belgium;BEL;211,00;Belgium 2007;BEL07;3,31
56,00;Belgium;2008;56;Belgium;BEL;211,00;Belgium 2008;BEL08;3,34
56,00;Belgium;2009;56;Belgium;BEL;211,00;Belgium 2009;BEL09;3,40
56,00;Belgium;2010;56;Belgium;BEL;211,00;Belgium 2010;BEL10;3,39
56,00;Belgium;2011;56;Belgium;BEL;211,00;Belgium 2011;BEL11;3,34
56,00;Belgium;2012;56;Belgium;BEL;211,00;Belgium 2012;BEL12;3,36
56,00;Belgium;2013;56;Belgium;BEL;211,00;Belgium 2013;BEL13;3,38
56,00;Belgium;2014;56;Belgium;BEL;211,00;Belgium 2014;BEL14;3,33
56,00;Belgium;2015;56;Belgium;BEL;211,00;Belgium 2015;BEL15;3,37
56,00;Belgium;2016;56;Belgium;BEL;211,00;Belgium 2016;BEL16;3,32
56,00;Belgium;2017;56;Belgium;BEL;211,00;Belgium 2017;BEL17;3,35
56,00;Belgium;2018;56;Belgium;BEL;211,00;Belgium 2018;BEL18;3,15
56,00;Belgium;2019;56;Belgium;BEL;211,00;Belgium 2019;BEL19;3,18
56,00;Belgium;2020;56;Belgium;BEL;211,00;Belgium 2020;BEL20;2,98
56,00;Belgium;2021;56;Belgium;BEL;211,00;Belgium 2021;BEL21;3,10
76,00;Brazil;2001;76;Brazil;BRA;140,00;Brazil 2001;BRA01;12,50
76,00;Brazil;2002;76;Brazil;BRA;140,00;Brazil 2002;BRA02;11,41
76,00;Brazil;2003;76;Brazil;BRA;140,00;Brazil 2003;BRA03;11,16
76,00;Brazil;2004;76;Brazil;BRA;140,00;Brazil 2004;BRA04;11,09
76,00;Brazil;2005;76;Brazil;BRA;140,00;Brazil 2005;BRA05;9,47
76,00;Brazil;2006;76;Brazil;BRA;140,00;Brazil 2006;BRA06;8,98
76,00;Brazil;2007;76;Brazil;BRA;140,00;Brazil 2007;BRA07;8,78
76,00;Brazil;2008;76;Brazil;BRA;140,00;Brazil 2008;BRA08;8,50
76,00;Brazil;2009;76;Brazil;BRA;140,00;Brazil 2009;BRA09;8,32
76,00;Brazil;2011;76;Brazil;BRA;140,00;Brazil 2011;BRA11;7,80
76,00;Brazil;2012;76;Brazil;BRA;140,00;Brazil 2012;BRA12;7,51
76,00;Brazil;2013;76;Brazil;BRA;140,00;Brazil 2013;BRA13;7,51
76,00;Brazil;2014;76;Brazil;BRA;140,00;Brazil 2014;BRA14;7,27
76,00;Brazil;2015;76;Brazil;BRA;140,00;Brazil 2015;BRA15;7,40
76,00;Brazil;2016;76;Brazil;BRA;140,00;Brazil 2016;BRA16;8,37
76,00;Brazil;2017;76;Brazil;BRA;140,00;Brazil 2017;BRA17;9,00
76,00;Brazil;2018;76;Brazil;BRA;140,00;Brazil 2018;BRA18;9,17
76,00;Brazil;2019;76;Brazil;BRA;140,00;Brazil 2019;BRA19;9,50
76,00;Brazil;2020;76;Brazil;BRA;140,00;Brazil 2020;BRA20;7,19
76,00;Brazil;2021;76;Brazil;BRA;140,00;Brazil 2021;BRA21;9,29
76,00;Brazil;2022;76;Brazil;BRA;140,00;Brazil 2022;BRA22;8,43
124,00;Canada;1971;124;Canada;CAN;20,00;Canada 1971;CAN71;5,00
124,00;Canada;1973;124;Canada;CAN;20,00;Canada 1973;CAN73;4,54
124,00;Canada;1975;124;Canada;CAN;20,00;Canada 1975;CAN75;4,61
124,00;Canada;1977;124;Canada;CAN;20,00;Canada 1977;CAN77;4,82
124,00;Canada;1979;124;Canada;CAN;20,00;Canada 1979;CAN79;4,69
124,00;Canada;1981;124;Canada;CAN;20,00;Canada 1981;CAN81;4,35
124,00;Canada;1982;124;Canada;CAN;20,00;Canada 1982;CAN82;4,31
124,00;Canada;1984;124;Canada;CAN;20,00;Canada 1984;CAN84;4,52
124,00;Canada;1985;124;Canada;CAN;20,00;Canada 1985;CAN85;4,36
124,00;Canada;1986;124;Canada;CAN;20,00;Canada 1986;CAN86;4,00
124,00;Canada;1987;124;Canada;CAN;20,00;Canada 1987;CAN87;4,01
124,00;Canada;1988;124;Canada;CAN;20,00;Canada 1988;CAN88;3,96
124,00;Canada;1989;124;Canada;CAN;20,00;Canada 1989;CAN89;3,83
124,00;Canada;1990;124;Canada;CAN;20,00;Canada 1990;CAN90;3,93
124,00;Canada;1991;124;Canada;CAN;20,00;Canada 1991;CAN91;4,01
124,00;Canada;1992;124;Canada;CAN;20,00;Canada 1992;CAN92;3,99
124,00;Canada;1993;124;Canada;CAN;20,00;Canada 1993;CAN93;4,00
124,00;Canada;1994;124;Canada;CAN;20,00;Canada 1994;CAN94;3,97
124,00;Canada;1995;124;Canada;CAN;20,00;Canada 1995;CAN95;3,97
124,00;Canada;1996;124;Canada;CAN;20,00;Canada 1996;CAN96;4,12
124,00;Canada;1997;124;Canada;CAN;20,00;Canada 1997;CAN97;4,18
124,00;Canada;1998;124;Canada;CAN;20,00;Canada 1998;CAN98;4,13
124,00;Canada;1999;124;Canada;CAN;20,00;Canada 1999;CAN99;4,10
124,00;Canada;2000;124;Canada;CAN;20,00;Canada 2000;CAN00;4,16
124,00;Canada;2001;124;Canada;CAN;20,00;Canada 2001;CAN01;4,19
124,00;Canada;2002;124;Canada;CAN;20,00;Canada 2002;CAN02;4,28
124,00;Canada;2003;124;Canada;CAN;20,00;Canada 2003;CAN03;4,25
124,00;Canada;2004;124;Canada;CAN;20,00;Canada 2004;CAN04;4,37
124,00;Canada;2005;124;Canada;CAN;20,00;Canada 2005;CAN05;4,27
124,00;Canada;2006;124;Canada;CAN;20,00;Canada 2006;CAN06;4,25
124,00;Canada;2007;124;Canada;CAN;20,00;Canada 2007;CAN07;4,17
124,00;Canada;2008;124;Canada;CAN;20,00;Canada 2008;CAN08;4,26
124,00;Canada;2009;124;Canada;CAN;20,00;Canada 2009;CAN09;4,28
124,00;Canada;2010;124;Canada;CAN;20,00;Canada 2010;CAN10;4,19
124,00;Canada;2011;124;Canada;CAN;20,00;Canada 2011;CAN11;4,18
124,00;Canada;2012;124;Canada;CAN;20,00;Canada 2012;CAN12;4,39
124,00;Canada;2013;124;Canada;CAN;20,00;Canada 2013;CAN13;4,54
124,00;Canada;2014;124;Canada;CAN;20,00;Canada 2014;CAN14;4,22
124,00;Canada;2015;124;Canada;CAN;20,00;Canada 2015;CAN15;4,41
124,00;Canada;2016;124;Canada;CAN;20,00;Canada 2016;CAN16;4,11
124,00;Canada;2017;124;Canada;CAN;20,00;Canada 2017;CAN17;4,17
124,00;Canada;2018;124;Canada;CAN;20,00;Canada 2018;CAN18;4,08
124,00;Canada;2019;124;Canada;CAN;20,00;Canada 2019;CAN19;3,99
152,00;Chile;1990;152;Chile;CHL;155,00;Chile 1990;CHL90;8,94
152,00;Chile;1992;152;Chile;CHL;155,00;Chile 1992;CHL92;8,35
152,00;Chile;1994;152;Chile;CHL;155,00;Chile 1994;CHL94;10,06
152,00;Chile;1996;152;Chile;CHL;155,00;Chile 1996;CHL96;9,29
152,00;Chile;1998;152;Chile;CHL;155,00;Chile 1998;CHL98;9,58
152,00;Chile;2000;152;Chile;CHL;155,00;Chile 2000;CHL00;9,56
152,00;Chile;2003;152;Chile;CHL;155,00;Chile 2003;CHL03;8,99
152,00;Chile;2006;152;Chile;CHL;155,00;Chile 2006;CHL06;8,14
152,00;Chile;2009;152;Chile;CHL;155,00;Chile 2009;CHL09;7,55
152,00;Chile;2011;152;Chile;CHL;155,00;Chile 2011;CHL11;7,31
152,00;Chile;2013;152;Chile;CHL;155,00;Chile 2013;CHL13;7,09
152,00;Chile;2015;152;Chile;CHL;155,00;Chile 2015;CHL15;6,77
152,00;Chile;2017;152;Chile;CHL;155,00;Chile 2017;CHL17;6,97
156,00;China;2002;156;China;CHN;710,00;China 2002;CHN02;6,99
156,00;China;2013;156;China;CHN;710,00;China 2013;CHN13;7,04
156,00;China;2018;156;China;CHN;710,00;China 2018;CHN18;7,84
158,00;Taiwan (Province of China);1981;158;Taiwan;TWN;713,00;Taiwan 1981;TWN81;3,29
158,00;Taiwan (Province of China);1986;158;Taiwan;TWN;713,00;Taiwan 1986;TWN86;3,21
158,00;Taiwan (Province of China);1991;158;Taiwan;TWN;713,00;Taiwan 1991;TWN91;3,35
158,00;Taiwan (Province of China);1995;158;Taiwan;TWN;713,00;Taiwan 1995;TWN95;3,61
158,00;Taiwan (Province of China);1997;158;Taiwan;TWN;713,00;Taiwan 1997;TWN97;3,62
158,00;Taiwan (Province of China);2000;158;Taiwan;TWN;713,00;Taiwan 2000;TWN00;3,68
158,00;Taiwan (Province of China);2005;158;Taiwan;TWN;713,00;Taiwan 2005;TWN05;3,96
158,00;Taiwan (Province of China);2007;158;Taiwan;TWN;713,00;Taiwan 2007;TWN07;4,16
158,00;Taiwan (Province of China);2010;158;Taiwan;TWN;713,00;Taiwan 2010;TWN10;4,37
158,00;Taiwan (Province of China);2013;158;Taiwan;TWN;713,00;Taiwan 2013;TWN13;4,12
158,00;Taiwan (Province of China);2016;158;Taiwan;TWN;713,00;Taiwan 2016;TWN16;3,96
158,00;Taiwan (Province of China);2017;158;Taiwan;TWN;713,00;Taiwan 2017;TWN17;4,01
158,00;Taiwan (Province of China);2018;158;Taiwan;TWN;713,00;Taiwan 2018;TWN18;4,07
158,00;Taiwan (Province of China);2019;158;Taiwan;TWN;713,00;Taiwan 2019;TWN19;4,01
158,00;Taiwan (Province of China);2020;158;Taiwan;TWN;713,00;Taiwan 2020;TWN20;3,93
158,00;Taiwan (Province of China);2021;158;Taiwan;TWN;713,00;Taiwan 2021;TWN21;4,00
170,00;Colombia;2001;170;Colombia;COL;100,00;Colombia 2001;COL01;12,35
170,00;Colombia;2002;170;Colombia;COL;100,00;Colombia 2002;COL02;13,76
170,00;Colombia;2003;170;Colombia;COL;100,00;Colombia 2003;COL03;11,80
170,00;Colombia;2004;170;Colombia;COL;100,00;Colombia 2004;COL04;11,90
170,00;Colombia;2005;170;Colombia;COL;100,00;Colombia 2005;COL05;11,10
170,00;Colombia;2006;170;Colombia;COL;100,00;Colombia 2006;COL06;10,56
170,00;Colombia;2007;170;Colombia;COL;100,00;Colombia 2007;COL07;14,70
170,00;Colombia;2008;170;Colombia;COL;100,00;Colombia 2008;COL08;13,22
170,00;Colombia;2009;170;Colombia;COL;100,00;Colombia 2009;COL09;11,51
170,00;Colombia;2010;170;Colombia;COL;100,00;Colombia 2010;COL10;11,45
170,00;Colombia;2011;170;Colombia;COL;100,00;Colombia 2011;COL11;10,72
170,00;Colombia;2012;170;Colombia;COL;100,00;Colombia 2012;COL12;10,84
170,00;Colombia;2013;170;Colombia;COL;100,00;Colombia 2013;COL13;10,87
170,00;Colombia;2014;170;Colombia;COL;100,00;Colombia 2014;COL14;10,55
170,00;Colombia;2015;170;Colombia;COL;100,00;Colombia 2015;COL15;9,67
170,00;Colombia;2016;170;Colombia;COL;100,00;Colombia 2016;COL16;9,40
170,00;Colombia;2017;170;Colombia;COL;100,00;Colombia 2017;COL17;8,94
170,00;Colombia;2018;170;Colombia;COL;100,00;Colombia 2018;COL18;9,14
170,00;Colombia;2019;170;Colombia;COL;100,00;Colombia 2019;COL19;10,28
170,00;Colombia;2020;170;Colombia;COL;100,00;Colombia 2020;COL20;12,04
170,00;Colombia;2021;170;Colombia;COL;100,00;Colombia 2021;COL21;10,80
170,00;Colombia;2022;170;Colombia;COL;100,00;Colombia 2022;COL22;12,95
170,00;Colombia;2023;170;Colombia;COL;100,00;Colombia 2023;COL23;11,98
203,00;Czechia;1996;203;Czech Republic;CZE;316,00;Czech Republic 1996;CZE96;2,98
203,00;Czechia;2002;203;Czech Republic;CZE;316,00;Czech Republic 2002;CZE02;2,99
203,00;Czechia;2004;203;Czech Republic;CZE;316,00;Czech Republic 2004;CZE04;3,20
203,00;Czechia;2007;203;Czech Republic;CZE;316,00;Czech Republic 2007;CZE07;2,97
203,00;Czechia;2010;203;Czech Republic;CZE;316,00;Czech Republic 2010;CZE10;3,05
203,00;Czechia;2013;203;Czech Republic;CZE;316,00;Czech Republic 2013;CZE13;3,04
203,00;Czechia;2016;203;Czech Republic;CZE;316,00;Czech Republic 2016;CZE16;3,02
208,00;Denmark;1987;208;Denmark;DNK;390,00;Denmark 1987;DNK87;3,25
208,00;Denmark;1992;208;Denmark;DNK;390,00;Denmark 1992;DNK92;2,88
208,00;Denmark;1995;208;Denmark;DNK;390,00;Denmark 1995;DNK95;2,67
208,00;Denmark;2000;208;Denmark;DNK;390,00;Denmark 2000;DNK00;2,75
208,00;Denmark;2004;208;Denmark;DNK;390,00;Denmark 2004;DNK04;2,78
208,00;Denmark;2007;208;Denmark;DNK;390,00;Denmark 2007;DNK07;2,83
208,00;Denmark;2010;208;Denmark;DNK;390,00;Denmark 2010;DNK10;2,90
208,00;Denmark;2013;208;Denmark;DNK;390,00;Denmark 2013;DNK13;2,88
208,00;Denmark;2015;208;Denmark;DNK;390,00;Denmark 2015;DNK15;3,10
208,00;Denmark;2016;208;Denmark;DNK;390,00;Denmark 2016;DNK16;3,13
208,00;Denmark;2017;208;Denmark;DNK;390,00;Denmark 2017;DNK17;3,19
208,00;Denmark;2018;208;Denmark;DNK;390,00;Denmark 2018;DNK18;3,18
208,00;Denmark;2019;208;Denmark;DNK;390,00;Denmark 2019;DNK19;3,19
208,00;Denmark;2020;208;Denmark;DNK;390,00;Denmark 2020;DNK20;3,20
208,00;Denmark;2021;208;Denmark;DNK;390,00;Denmark 2021;DNK21;3,22
208,00;Denmark;2022;208;Denmark;DNK;390,00;Denmark 2022;DNK22;3,21
214,00;Dominican Republic (the);2007;214;Dominican Republic;DOM;42,00;Dominican Republic 2007;DOM07;10,95
233,00;Estonia;2000;233;Estonia;EST;366,00;Estonia 2000;EST00;5,02
233,00;Estonia;2004;233;Estonia;EST;366,00;Estonia 2004;EST04;4,80
233,00;Estonia;2007;233;Estonia;EST;366,00;Estonia 2007;EST07;4,43
233,00;Estonia;2010;233;Estonia;EST;366,00;Estonia 2010;EST10;4,38
233,00;Estonia;2013;233;Estonia;EST;366,00;Estonia 2013;EST13;5,18
233,00;Estonia;2016;233;Estonia;EST;366,00;Estonia 2016;EST16;4,71
246,00;Finland;1987;246;Finland;FIN;375,00;Finland 1987;FIN87;2,57
246,00;Finland;1991;246;Finland;FIN;375,00;Finland 1991;FIN91;2,62
246,00;Finland;1995;246;Finland;FIN;375,00;Finland 1995;FIN95;2,58
246,00;Finland;2000;246;Finland;FIN;375,00;Finland 2000;FIN00;2,93
246,00;Finland;2004;246;Finland;FIN;375,00;Finland 2004;FIN04;3,10
246,00;Finland;2007;246;Finland;FIN;375,00;Finland 2007;FIN07;3,21
246,00;Finland;2010;246;Finland;FIN;375,00;Finland 2010;FIN10;3,17
246,00;Finland;2013;246;Finland;FIN;375,00;Finland 2013;FIN13;3,15
246,00;Finland;2016;246;Finland;FIN;375,00;Finland 2016;FIN16;3,04
250,00;France;1970;250;France (1963-);FRA;220,00;France (1963-) 1970;FRA70;4,72
250,00;France;1975;250;France (1963-);FRA;220,00;France (1963-) 1975;FRA75;4,00
250,00;France;1979;250;France (1963-);FRA;220,00;France (1963-) 1979;FRA79;3,50
250,00;France;1984;250;France (1963-);FRA;220,00;France (1963-) 1984;FRA84;3,52
250,00;France;1990;250;France (1963-);FRA;220,00;France (1963-) 1990;FRA90;3,43
250,00;France;1996;250;France (1963-);FRA;220,00;France (1963-) 1996;FRA96;3,61
250,00;France;1997;250;France (1963-);FRA;220,00;France (1963-) 1997;FRA97;3,58
250,00;France;1998;250;France (1963-);FRA;220,00;France (1963-) 1998;FRA98;3,51
250,00;France;1999;250;France (1963-);FRA;220,00;France (1963-) 1999;FRA99;3,58
250,00;France;2000;250;France (1963-);FRA;220,00;France (1963-) 2000;FRA00;3,64
250,00;France;2001;250;France (1963-);FRA;220,00;France (1963-) 2001;FRA01;3,59
250,00;France;2002;250;France (1963-);FRA;220,00;France (1963-) 2002;FRA02;3,54
250,00;France;2003;250;France (1963-);FRA;220,00;France (1963-) 2003;FRA03;3,53
250,00;France;2004;250;France (1963-);FRA;220,00;France (1963-) 2004;FRA04;3,46
250,00;France;2005;250;France (1963-);FRA;220,00;France (1963-) 2005;FRA05;3,53
250,00;France;2006;250;France (1963-);FRA;220,00;France (1963-) 2006;FRA06;3,55
250,00;France;2007;250;France (1963-);FRA;220,00;France (1963-) 2007;FRA07;3,55
250,00;France;2008;250;France (1963-);FRA;220,00;France (1963-) 2008;FRA08;3,58
250,00;France;2009;250;France (1963-);FRA;220,00;France (1963-) 2009;FRA09;3,62
250,00;France;2010;250;France (1963-);FRA;220,00;France (1963-) 2010;FRA10;3,69
250,00;France;2011;250;France (1963-);FRA;220,00;France (1963-) 2011;FRA11;3,73
250,00;France;2012;250;France (1963-);FRA;220,00;France (1963-) 2012;FRA12;3,71
250,00;France;2013;250;France (1963-);FRA;220,00;France (1963-) 2013;FRA13;3,60
250,00;France;2014;250;France (1963-);FRA;220,00;France (1963-) 2014;FRA14;3,59
250,00;France;2015;250;France (1963-);FRA;220,00;France (1963-) 2015;FRA15;3,60
250,00;France;2016;250;France (1963-);FRA;220,00;France (1963-) 2016;FRA16;3,58
250,00;France;2017;250;France (1963-);FRA;220,00;France (1963-) 2017;FRA17;3,57
250,00;France;2018;250;France (1963-);FRA;220,00;France (1963-) 2018;FRA18;3,65
250,00;France;2019;250;France (1963-);FRA;220,00;France (1963-) 2019;FRA19;3,61
250,00;France;2020;250;France (1963-);FRA;220,00;France (1963-) 2020;FRA20;3,45
268,00;Georgia;2009;268;Georgia;GEO;372,00;Georgia 2009;GEO09;9,92
268,00;Georgia;2010;268;Georgia;GEO;372,00;Georgia 2010;GEO10;8,73
268,00;Georgia;2011;268;Georgia;GEO;372,00;Georgia 2011;GEO11;7,92
268,00;Georgia;2012;268;Georgia;GEO;372,00;Georgia 2012;GEO12;6,57
268,00;Georgia;2013;268;Georgia;GEO;372,00;Georgia 2013;GEO13;6,41
268,00;Georgia;2014;268;Georgia;GEO;372,00;Georgia 2014;GEO14;6,66
268,00;Georgia;2015;268;Georgia;GEO;372,00;Georgia 2015;GEO15;6,07
268,00;Georgia;2016;268;Georgia;GEO;372,00;Georgia 2016;GEO16;6,56
268,00;Georgia;2017;268;Georgia;GEO;372,00;Georgia 2017;GEO17;7,54
268,00;Georgia;2018;268;Georgia;GEO;372,00;Georgia 2018;GEO18;5,96
268,00;Georgia;2019;268;Georgia;GEO;372,00;Georgia 2019;GEO19;6,00
268,00;Georgia;2020;268;Georgia;GEO;372,00;Georgia 2020;GEO20;5,41
268,00;Georgia;2021;268;Georgia;GEO;372,00;Georgia 2021;GEO21;5,21
276,00;Germany;1991;276;Germany;DEU;255,00;Germany 1991;DEU91;3,38
276,00;Germany;1992;276;Germany;DEU;255,00;Germany 1992;DEU92;3,27
276,00;Germany;1993;276;Germany;DEU;255,00;Germany 1993;DEU93;3,11
276,00;Germany;1994;276;Germany;DEU;255,00;Germany 1994;DEU94;3,28
276,00;Germany;1995;276;Germany;DEU;255,00;Germany 1995;DEU95;3,20
276,00;Germany;1996;276;Germany;DEU;255,00;Germany 1996;DEU96;3,07
276,00;Germany;1997;276;Germany;DEU;255,00;Germany 1997;DEU97;3,07
276,00;Germany;1998;276;Germany;DEU;255,00;Germany 1998;DEU98;3,07
276,00;Germany;1999;276;Germany;DEU;255,00;Germany 1999;DEU99;3,20
276,00;Germany;2000;276;Germany;DEU;255,00;Germany 2000;DEU00;3,19
276,00;Germany;2001;276;Germany;DEU;255,00;Germany 2001;DEU01;3,25
276,00;Germany;2002;276;Germany;DEU;255,00;Germany 2002;DEU02;3,29
276,00;Germany;2003;276;Germany;DEU;255,00;Germany 2003;DEU03;3,26
276,00;Germany;2004;276;Germany;DEU;255,00;Germany 2004;DEU04;3,31
276,00;Germany;2005;276;Germany;DEU;255,00;Germany 2005;DEU05;3,56
276,00;Germany;2006;276;Germany;DEU;255,00;Germany 2006;DEU06;3,51
276,00;Germany;2007;276;Germany;DEU;255,00;Germany 2007;DEU07;3,46
276,00;Germany;2008;276;Germany;DEU;255,00;Germany 2008;DEU08;3,52
276,00;Germany;2009;276;Germany;DEU;255,00;Germany 2009;DEU09;3,57
276,00;Germany;2010;276;Germany;DEU;255,00;Germany 2010;DEU10;3,62
276,00;Germany;2011;276;Germany;DEU;255,00;Germany 2011;DEU11;3,49
276,00;Germany;2012;276;Germany;DEU;255,00;Germany 2012;DEU12;3,63
276,00;Germany;2013;276;Germany;DEU;255,00;Germany 2013;DEU13;3,58
276,00;Germany;2014;276;Germany;DEU;255,00;Germany 2014;DEU14;3,69
276,00;Germany;2015;276;Germany;DEU;255,00;Germany 2015;DEU15;3,68
276,00;Germany;2016;276;Germany;DEU;255,00;Germany 2016;DEU16;3,71
276,00;Germany;2017;276;Germany;DEU;255,00;Germany 2017;DEU17;3,76
276,00;Germany;2018;276;Germany;DEU;255,00;Germany 2018;DEU18;3,67
276,00;Germany;2019;276;Germany;DEU;255,00;Germany 2019;DEU19;3,79
276,00;Germany;2020;276;Germany;DEU;255,00;Germany 2020;DEU20;3,84
;Germany;1973;280;Germany, West;DEU;;Germany, West 1973;DEU73;3,23
;Germany;1978;280;Germany, West;DEU;;Germany, West 1978;DEU78;3,07
;Germany;1983;280;Germany, West;DEU;;Germany, West 1983;DEU83;3,11
;Germany;1984;280;Germany, West;DEU;;Germany, West 1984;DEU84;3,11
;Germany;1985;280;Germany, West;DEU;;Germany, West 1985;DEU85;3,07
;Germany;1986;280;Germany, West;DEU;;Germany, West 1986;DEU86;3,00
;Germany;1987;280;Germany, West;DEU;;Germany, West 1987;DEU87;3,01
;Germany;1988;280;Germany, West;DEU;;Germany, West 1988;DEU88;3,03
;Germany;1989;280;Germany, West;DEU;;Germany, West 1989;DEU89;3,00
;Germany;1990;280;Germany, West;DEU;;Germany, West 1990;DEU90;3,14
300,00;Greece;1995;300;Greece;GRC;350,00;Greece 1995;GRC95;5,54
300,00;Greece;2000;300;Greece;GRC;350,00;Greece 2000;GRC00;4,82
300,00;Greece;2004;300;Greece;GRC;350,00;Greece 2004;GRC04;4,42
300,00;Greece;2007;300;Greece;GRC;350,00;Greece 2007;GRC07;4,18
300,00;Greece;2010;300;Greece;GRC;350,00;Greece 2010;GRC10;4,44
300,00;Greece;2013;300;Greece;GRC;350,00;Greece 2013;GRC13;4,78
300,00;Greece;2016;300;Greece;GRC;350,00;Greece 2016;GRC16;4,38
320,00;Guatemala;2006;320;Guatemala;GTM;90,00;Guatemala 2006;GTM06;9,11
320,00;Guatemala;2011;320;Guatemala;GTM;90,00;Guatemala 2011;GTM11;10,60
320,00;Guatemala;2014;320;Guatemala;GTM;90,00;Guatemala 2014;GTM14;5,42
348,00;Hungary;1991;348;Hungary;HUN;310,00;Hungary 1991;HUN91;3,58
348,00;Hungary;1994;348;Hungary;HUN;310,00;Hungary 1994;HUN94;4,19
348,00;Hungary;1999;348;Hungary;HUN;310,00;Hungary 1999;HUN99;3,42
348,00;Hungary;2005;348;Hungary;HUN;310,00;Hungary 2005;HUN05;3,27
348,00;Hungary;2007;348;Hungary;HUN;310,00;Hungary 2007;HUN07;3,07
348,00;Hungary;2009;348;Hungary;HUN;310,00;Hungary 2009;HUN09;3,40
348,00;Hungary;2012;348;Hungary;HUN;310,00;Hungary 2012;HUN12;3,71
348,00;Hungary;2015;348;Hungary;HUN;310,00;Hungary 2015;HUN15;3,23
352,00;Iceland;2004;352;Iceland;ISL;395,00;Iceland 2004;ISL04;2,88
352,00;Iceland;2007;352;Iceland;ISL;395,00;Iceland 2007;ISL07;3,11
352,00;Iceland;2010;352;Iceland;ISL;395,00;Iceland 2010;ISL10;2,78
356,00;India;2004;356;India;IND;750,00;India 2004;IND04;9,42
356,00;India;2011;356;India;IND;750,00;India 2011;IND11;9,90
372,00;Ireland;1987;372;Ireland;IRL;205,00;Ireland 1987;IRL87;4,23
372,00;Ireland;1994;372;Ireland;IRL;205,00;Ireland 1994;IRL94;4,34
372,00;Ireland;1995;372;Ireland;IRL;205,00;Ireland 1995;IRL95;4,41
372,00;Ireland;1996;372;Ireland;IRL;205,00;Ireland 1996;IRL96;4,33
372,00;Ireland;2000;372;Ireland;IRL;205,00;Ireland 2000;IRL00;4,47
372,00;Ireland;2002;372;Ireland;IRL;205,00;Ireland 2002;IRL02;4,26
372,00;Ireland;2003;372;Ireland;IRL;205,00;Ireland 2003;IRL03;4,26
372,00;Ireland;2004;372;Ireland;IRL;205,00;Ireland 2004;IRL04;4,17
372,00;Ireland;2005;372;Ireland;IRL;205,00;Ireland 2005;IRL05;4,07
372,00;Ireland;2006;372;Ireland;IRL;205,00;Ireland 2006;IRL06;3,98
372,00;Ireland;2007;372;Ireland;IRL;205,00;Ireland 2007;IRL07;3,79
372,00;Ireland;2008;372;Ireland;IRL;205,00;Ireland 2008;IRL08;3,73
372,00;Ireland;2009;372;Ireland;IRL;205,00;Ireland 2009;IRL09;3,86
372,00;Ireland;2010;372;Ireland;IRL;205,00;Ireland 2010;IRL10;3,75
372,00;Ireland;2011;372;Ireland;IRL;205,00;Ireland 2011;IRL11;3,90
372,00;Ireland;2012;372;Ireland;IRL;205,00;Ireland 2012;IRL12;3,90
372,00;Ireland;2013;372;Ireland;IRL;205,00;Ireland 2013;IRL13;3,91
372,00;Ireland;2014;372;Ireland;IRL;205,00;Ireland 2014;IRL14;3,74
372,00;Ireland;2015;372;Ireland;IRL;205,00;Ireland 2015;IRL15;3,66
372,00;Ireland;2016;372;Ireland;IRL;205,00;Ireland 2016;IRL16;3,82
372,00;Ireland;2017;372;Ireland;IRL;205,00;Ireland 2017;IRL17;3,57
372,00;Ireland;2018;372;Ireland;IRL;205,00;Ireland 2018;IRL18;3,50
372,00;Ireland;2019;372;Ireland;IRL;205,00;Ireland 2019;IRL19;3,48
372,00;Ireland;2020;372;Ireland;IRL;205,00;Ireland 2020;IRL20;3,42
372,00;Ireland;2021;372;Ireland;IRL;205,00;Ireland 2021;IRL21;3,57
376,00;Israel;1979;376;Israel;ISR;666,00;Israel 1979;ISR79;4,03
376,00;Israel;1986;376;Israel;ISR;666,00;Israel 1986;ISR86;4,31
376,00;Israel;1992;376;Israel;ISR;666,00;Israel 1992;ISR92;4,12
376,00;Israel;1997;376;Israel;ISR;666,00;Israel 1997;ISR97;4,87
376,00;Israel;2001;376;Israel;ISR;666,00;Israel 2001;ISR01;5,01
376,00;Israel;2002;376;Israel;ISR;666,00;Israel 2002;ISR02;5,38
376,00;Israel;2003;376;Israel;ISR;666,00;Israel 2003;ISR03;5,65
376,00;Israel;2004;376;Israel;ISR;666,00;Israel 2004;ISR04;6,12
376,00;Israel;2005;376;Israel;ISR;666,00;Israel 2005;ISR05;6,17
376,00;Israel;2006;376;Israel;ISR;666,00;Israel 2006;ISR06;5,92
376,00;Israel;2007;376;Israel;ISR;666,00;Israel 2007;ISR07;5,91
376,00;Israel;2008;376;Israel;ISR;666,00;Israel 2008;ISR08;6,06
376,00;Israel;2009;376;Israel;ISR;666,00;Israel 2009;ISR09;6,34
376,00;Israel;2010;376;Israel;ISR;666,00;Israel 2010;ISR10;6,10
376,00;Israel;2011;376;Israel;ISR;666,00;Israel 2011;ISR11;6,13
376,00;Israel;2012;376;Israel;ISR;666,00;Israel 2012;ISR12;6,27
376,00;Israel;2013;376;Israel;ISR;666,00;Israel 2013;ISR13;5,90
376,00;Israel;2014;376;Israel;ISR;666,00;Israel 2014;ISR14;6,11
376,00;Israel;2015;376;Israel;ISR;666,00;Israel 2015;ISR15;6,04
376,00;Israel;2016;376;Israel;ISR;666,00;Israel 2016;ISR16;5,74
376,00;Israel;2017;376;Israel;ISR;666,00;Israel 2017;ISR17;5,78
376,00;Israel;2018;376;Israel;ISR;666,00;Israel 2018;ISR18;5,39
376,00;Israel;2019;376;Israel;ISR;666,00;Israel 2019;ISR19;5,60
376,00;Israel;2020;376;Israel;ISR;666,00;Israel 2020;ISR20;5,40
376,00;Israel;2021;376;Israel;ISR;666,00;Israel 2021;ISR21;5,59
380,00;Italy;1977;380;Italy;ITA;325,00;Italy 1977;ITA77;4,28
380,00;Italy;1978;380;Italy;ITA;325,00;Italy 1978;ITA78;4,15
380,00;Italy;1979;380;Italy;ITA;325,00;Italy 1979;ITA79;4,35
380,00;Italy;1980;380;Italy;ITA;325,00;Italy 1980;ITA80;3,78
380,00;Italy;1981;380;Italy;ITA;325,00;Italy 1981;ITA81;3,66
380,00;Italy;1982;380;Italy;ITA;325,00;Italy 1982;ITA82;3,61
380,00;Italy;1983;380;Italy;ITA;325,00;Italy 1983;ITA83;3,68
380,00;Italy;1984;380;Italy;ITA;325,00;Italy 1984;ITA84;3,73
380,00;Italy;1986;380;Italy;ITA;325,00;Italy 1986;ITA86;3,87
380,00;Italy;1987;380;Italy;ITA;325,00;Italy 1987;ITA87;4,46
380,00;Italy;1989;380;Italy;ITA;325,00;Italy 1989;ITA89;3,85
380,00;Italy;1991;380;Italy;ITA;325,00;Italy 1991;ITA91;3,71
380,00;Italy;1993;380;Italy;ITA;325,00;Italy 1993;ITA93;4,72
380,00;Italy;1995;380;Italy;ITA;325,00;Italy 1995;ITA95;4,68
380,00;Italy;1998;380;Italy;ITA;325,00;Italy 1998;ITA98;4,79
380,00;Italy;2000;380;Italy;ITA;325,00;Italy 2000;ITA00;4,48
380,00;Italy;2002;380;Italy;ITA;325,00;Italy 2002;ITA02;4,44
380,00;Italy;2004;380;Italy;ITA;325,00;Italy 2004;ITA04;4,29
380,00;Italy;2006;380;Italy;ITA;325,00;Italy 2006;ITA06;4,15
380,00;Italy;2008;380;Italy;ITA;325,00;Italy 2008;ITA08;4,19
380,00;Italy;2010;380;Italy;ITA;325,00;Italy 2010;ITA10;4,34
380,00;Italy;2012;380;Italy;ITA;325,00;Italy 2012;ITA12;4,64
380,00;Italy;2014;380;Italy;ITA;325,00;Italy 2014;ITA14;4,62
380,00;Italy;2016;380;Italy;ITA;325,00;Italy 2016;ITA16;4,74
380,00;Italy;2020;380;Italy;ITA;325,00;Italy 2020;ITA20;4,70
384,00;Cote d'Ivoire;2002;384;Cote d'Ivoire;CIV;437,00;Cote d'Ivoire 2002;CIV02;15,76
384,00;Cote d'Ivoire;2008;384;Cote d'Ivoire;CIV;437,00;Cote d'Ivoire 2008;CIV08;11,68
384,00;Cote d'Ivoire;2015;384;Cote d'Ivoire;CIV;437,00;Cote d'Ivoire 2015;CIV15;19,11
392,00;Japan;2008;392;Japan;JPN;740,00;Japan 2008;JPN08;4,63
392,00;Japan;2010;392;Japan;JPN;740,00;Japan 2010;JPN10;3,96
392,00;Japan;2013;392;Japan;JPN;740,00;Japan 2013;JPN13;3,90
410,00;Korea (the Republic of);2006;410;Korea, South;KOR;732,00;Korea, South 2006;KOR06;4,51
410,00;Korea (the Republic of);2008;410;Korea, South;KOR;732,00;Korea, South 2008;KOR08;4,80
410,00;Korea (the Republic of);2010;410;Korea, South;KOR;732,00;Korea, South 2010;KOR10;4,79
410,00;Korea (the Republic of);2012;410;Korea, South;KOR;732,00;Korea, South 2012;KOR12;4,80
410,00;Korea (the Republic of);2014;410;Korea, South;KOR;732,00;Korea, South 2014;KOR14;4,69
410,00;Korea (the Republic of);2016;410;Korea, South;KOR;732,00;Korea, South 2016;KOR16;5,69
410,00;Korea (the Republic of);2017;410;Korea, South;KOR;732,00;Korea, South 2017;KOR17;5,72
410,00;Korea (the Republic of);2018;410;Korea, South;KOR;732,00;Korea, South 2018;KOR18;5,47
410,00;Korea (the Republic of);2019;410;Korea, South;KOR;732,00;Korea, South 2019;KOR19;5,21
410,00;Korea (the Republic of);2020;410;Korea, South;KOR;732,00;Korea, South 2020;KOR20;4,83
410,00;Korea (the Republic of);2021;410;Korea, South;KOR;732,00;Korea, South 2021;KOR21;4,97
440,00;Lithuania;2009;440;Lithuania;LTU;368,00;Lithuania 2009;LTU09;5,29
440,00;Lithuania;2010;440;Lithuania;LTU;368,00;Lithuania 2010;LTU10;4,57
440,00;Lithuania;2011;440;Lithuania;LTU;368,00;Lithuania 2011;LTU11;4,47
440,00;Lithuania;2012;440;Lithuania;LTU;368,00;Lithuania 2012;LTU12;4,72
440,00;Lithuania;2013;440;Lithuania;LTU;368,00;Lithuania 2013;LTU13;4,84
440,00;Lithuania;2014;440;Lithuania;LTU;368,00;Lithuania 2014;LTU14;5,29
440,00;Lithuania;2015;440;Lithuania;LTU;368,00;Lithuania 2015;LTU15;5,47
440,00;Lithuania;2016;440;Lithuania;LTU;368,00;Lithuania 2016;LTU16;5,75
440,00;Lithuania;2017;440;Lithuania;LTU;368,00;Lithuania 2017;LTU17;5,55
440,00;Lithuania;2018;440;Lithuania;LTU;368,00;Lithuania 2018;LTU18;5,38
440,00;Lithuania;2019;440;Lithuania;LTU;368,00;Lithuania 2019;LTU19;4,92
440,00;Lithuania;2020;440;Lithuania;LTU;368,00;Lithuania 2020;LTU20;5,00
442,00;Luxembourg;1985;442;Luxembourg;LUX;212,00;Luxembourg 1985;LUX85;2,87
442,00;Luxembourg;1986;442;Luxembourg;LUX;212,00;Luxembourg 1986;LUX86;2,95
442,00;Luxembourg;1987;442;Luxembourg;LUX;212,00;Luxembourg 1987;LUX87;3,14
442,00;Luxembourg;1988;442;Luxembourg;LUX;212,00;Luxembourg 1988;LUX88;3,03
442,00;Luxembourg;1989;442;Luxembourg;LUX;212,00;Luxembourg 1989;LUX89;2,99
442,00;Luxembourg;1990;442;Luxembourg;LUX;212,00;Luxembourg 1990;LUX90;2,98
442,00;Luxembourg;1991;442;Luxembourg;LUX;212,00;Luxembourg 1991;LUX91;2,96
442,00;Luxembourg;1992;442;Luxembourg;LUX;212,00;Luxembourg 1992;LUX92;2,97
442,00;Luxembourg;1993;442;Luxembourg;LUX;212,00;Luxembourg 1993;LUX93;2,86
442,00;Luxembourg;1994;442;Luxembourg;LUX;212,00;Luxembourg 1994;LUX94;3,12
442,00;Luxembourg;1995;442;Luxembourg;LUX;212,00;Luxembourg 1995;LUX95;3,05
442,00;Luxembourg;1996;442;Luxembourg;LUX;212,00;Luxembourg 1996;LUX96;3,15
442,00;Luxembourg;1997;442;Luxembourg;LUX;212,00;Luxembourg 1997;LUX97;3,19
442,00;Luxembourg;1998;442;Luxembourg;LUX;212,00;Luxembourg 1998;LUX98;3,23
442,00;Luxembourg;1999;442;Luxembourg;LUX;212,00;Luxembourg 1999;LUX99;3,24
442,00;Luxembourg;2000;442;Luxembourg;LUX;212,00;Luxembourg 2000;LUX00;3,20
442,00;Luxembourg;2001;442;Luxembourg;LUX;212,00;Luxembourg 2001;LUX01;3,22
442,00;Luxembourg;2002;442;Luxembourg;LUX;212,00;Luxembourg 2002;LUX02;3,20
442,00;Luxembourg;2003;442;Luxembourg;LUX;212,00;Luxembourg 2003;LUX03;3,29
442,00;Luxembourg;2004;442;Luxembourg;LUX;212,00;Luxembourg 2004;LUX04;3,29
442,00;Luxembourg;2005;442;Luxembourg;LUX;212,00;Luxembourg 2005;LUX05;3,29
442,00;Luxembourg;2006;442;Luxembourg;LUX;212,00;Luxembourg 2006;LUX06;3,28
442,00;Luxembourg;2007;442;Luxembourg;LUX;212,00;Luxembourg 2007;LUX07;3,22
442,00;Luxembourg;2008;442;Luxembourg;LUX;212,00;Luxembourg 2008;LUX08;3,38
442,00;Luxembourg;2009;442;Luxembourg;LUX;212,00;Luxembourg 2009;LUX09;3,43
442,00;Luxembourg;2010;442;Luxembourg;LUX;212,00;Luxembourg 2010;LUX10;3,33
442,00;Luxembourg;2011;442;Luxembourg;LUX;212,00;Luxembourg 2011;LUX11;3,36
442,00;Luxembourg;2012;442;Luxembourg;LUX;212,00;Luxembourg 2012;LUX12;3,50
442,00;Luxembourg;2013;442;Luxembourg;LUX;212,00;Luxembourg 2013;LUX13;3,47
442,00;Luxembourg;2014;442;Luxembourg;LUX;212,00;Luxembourg 2014;LUX14;3,26
442,00;Luxembourg;2015;442;Luxembourg;LUX;212,00;Luxembourg 2015;LUX15;3,51
442,00;Luxembourg;2016;442;Luxembourg;LUX;212,00;Luxembourg 2016;LUX16;3,53
442,00;Luxembourg;2017;442;Luxembourg;LUX;212,00;Luxembourg 2017;LUX17;3,70
442,00;Luxembourg;2018;442;Luxembourg;LUX;212,00;Luxembourg 2018;LUX18;3,80
442,00;Luxembourg;2019;442;Luxembourg;LUX;212,00;Luxembourg 2019;LUX19;3,75
442,00;Luxembourg;2020;442;Luxembourg;LUX;212,00;Luxembourg 2020;LUX20;3,59
442,00;Luxembourg;2021;442;Luxembourg;LUX;212,00;Luxembourg 2021;LUX21;3,45
466,00;Mali;2014;466;Mali;MLI;432,00;Mali 2014;MLI14;5,03
466,00;Mali;2015;466;Mali;MLI;432,00;Mali 2015;MLI15;5,13
466,00;Mali;2016;466;Mali;MLI;432,00;Mali 2016;MLI16;5,06
466,00;Mali;2017;466;Mali;MLI;432,00;Mali 2017;MLI17;4,87
466,00;Mali;2018;466;Mali;MLI;432,00;Mali 2018;MLI18;4,78
466,00;Mali;2019;466;Mali;MLI;432,00;Mali 2019;MLI19;5,38
466,00;Mali;2020;466;Mali;MLI;432,00;Mali 2020;MLI20;5,44
484,00;Mexico;1984;484;Mexico;MEX;70,00;Mexico 1984;MEX84;7,43
484,00;Mexico;1989;484;Mexico;MEX;70,00;Mexico 1989;MEX89;7,89
484,00;Mexico;1992;484;Mexico;MEX;70,00;Mexico 1992;MEX92;8,83
484,00;Mexico;1994;484;Mexico;MEX;70,00;Mexico 1994;MEX94;9,61
484,00;Mexico;1996;484;Mexico;MEX;70,00;Mexico 1996;MEX96;8,57
484,00;Mexico;1998;484;Mexico;MEX;70,00;Mexico 1998;MEX98;10,52
484,00;Mexico;2000;484;Mexico;MEX;70,00;Mexico 2000;MEX00;10,10
484,00;Mexico;2002;484;Mexico;MEX;70,00;Mexico 2002;MEX02;9,11
484,00;Mexico;2004;484;Mexico;MEX;70,00;Mexico 2004;MEX04;8,46
484,00;Mexico;2005;484;Mexico;MEX;70,00;Mexico 2005;MEX05;8,14
484,00;Mexico;2006;484;Mexico;MEX;70,00;Mexico 2006;MEX06;7,29
484,00;Mexico;2008;484;Mexico;MEX;70,00;Mexico 2008;MEX08;9,18
484,00;Mexico;2010;484;Mexico;MEX;70,00;Mexico 2010;MEX10;8,37
484,00;Mexico;2012;484;Mexico;MEX;70,00;Mexico 2012;MEX12;8,38
484,00;Mexico;2014;484;Mexico;MEX;70,00;Mexico 2014;MEX14;7,55
484,00;Mexico;2016;484;Mexico;MEX;70,00;Mexico 2016;MEX16;6,88
484,00;Mexico;2018;484;Mexico;MEX;70,00;Mexico 2018;MEX18;6,58
484,00;Mexico;2020;484;Mexico;MEX;70,00;Mexico 2020;MEX20;6,59
484,00;Mexico;2022;484;Mexico;MEX;70,00;Mexico 2022;MEX22;5,83
528,00;Netherlands (the);1983;528;Netherlands;NLD;210,00;Netherlands 1983;NLD83;2,93
528,00;Netherlands (the);1987;528;Netherlands;NLD;210,00;Netherlands 1987;NLD87;2,76
528,00;Netherlands (the);1990;528;Netherlands;NLD;210,00;Netherlands 1990;NLD90;3,04
528,00;Netherlands (the);1993;528;Netherlands;NLD;210,00;Netherlands 1993;NLD93;3,19
528,00;Netherlands (the);1999;528;Netherlands;NLD;210,00;Netherlands 1999;NLD99;2,79
528,00;Netherlands (the);2004;528;Netherlands;NLD;210,00;Netherlands 2004;NLD04;3,02
528,00;Netherlands (the);2005;528;Netherlands;NLD;210,00;Netherlands 2005;NLD05;3,02
528,00;Netherlands (the);2006;528;Netherlands;NLD;210,00;Netherlands 2006;NLD06;3,05
528,00;Netherlands (the);2007;528;Netherlands;NLD;210,00;Netherlands 2007;NLD07;3,11
528,00;Netherlands (the);2008;528;Netherlands;NLD;210,00;Netherlands 2008;NLD08;3,12
528,00;Netherlands (the);2009;528;Netherlands;NLD;210,00;Netherlands 2009;NLD09;3,02
528,00;Netherlands (the);2010;528;Netherlands;NLD;210,00;Netherlands 2010;NLD10;3,03
528,00;Netherlands (the);2011;528;Netherlands;NLD;210,00;Netherlands 2011;NLD11;3,02
528,00;Netherlands (the);2012;528;Netherlands;NLD;210,00;Netherlands 2012;NLD12;2,98
528,00;Netherlands (the);2013;528;Netherlands;NLD;210,00;Netherlands 2013;NLD13;3,10
528,00;Netherlands (the);2014;528;Netherlands;NLD;210,00;Netherlands 2014;NLD14;3,12
528,00;Netherlands (the);2015;528;Netherlands;NLD;210,00;Netherlands 2015;NLD15;3,21
528,00;Netherlands (the);2016;528;Netherlands;NLD;210,00;Netherlands 2016;NLD16;3,25
528,00;Netherlands (the);2017;528;Netherlands;NLD;210,00;Netherlands 2017;NLD17;3,23
528,00;Netherlands (the);2018;528;Netherlands;NLD;210,00;Netherlands 2018;NLD18;3,19
528,00;Netherlands (the);2019;528;Netherlands;NLD;210,00;Netherlands 2019;NLD19;3,27
528,00;Netherlands (the);2020;528;Netherlands;NLD;210,00;Netherlands 2020;NLD20;3,26
528,00;Netherlands (the);2021;528;Netherlands;NLD;210,00;Netherlands 2021;NLD21;3,31
578,00;Norway;1979;578;Norway;NOR;385,00;Norway 1979;NOR79;2,78
578,00;Norway;1986;578;Norway;NOR;385,00;Norway 1986;NOR86;2,94
578,00;Norway;1991;578;Norway;NOR;385,00;Norway 1991;NOR91;2,80
578,00;Norway;1995;578;Norway;NOR;385,00;Norway 1995;NOR95;2,86
578,00;Norway;2000;578;Norway;NOR;385,00;Norway 2000;NOR00;2,81
578,00;Norway;2004;578;Norway;NOR;385,00;Norway 2004;NOR04;2,87
578,00;Norway;2007;578;Norway;NOR;385,00;Norway 2007;NOR07;2,93
578,00;Norway;2010;578;Norway;NOR;385,00;Norway 2010;NOR10;2,93
578,00;Norway;2013;578;Norway;NOR;385,00;Norway 2013;NOR13;3,04
578,00;Norway;2016;578;Norway;NOR;385,00;Norway 2016;NOR16;3,10
578,00;Norway;2019;578;Norway;NOR;385,00;Norway 2019;NOR19;3,13
578,00;Norway;2020;578;Norway;NOR;385,00;Norway 2020;NOR20;3,15
578,00;Norway;2021;578;Norway;NOR;385,00;Norway 2021;NOR21;3,13
591,00;Panama;2007;591;Panama;PAN;95,00;Panama 2007;PAN07;11,86
591,00;Panama;2010;591;Panama;PAN;95,00;Panama 2010;PAN10;10,71
591,00;Panama;2013;591;Panama;PAN;95,00;Panama 2013;PAN13;10,09
591,00;Panama;2016;591;Panama;PAN;95,00;Panama 2016;PAN16;10,21
600,00;Paraguay;1997;600;Paraguay;PRY;150,00;Paraguay 1997;PRY97;16,98
600,00;Paraguay;1999;600;Paraguay;PRY;150,00;Paraguay 1999;PRY99;14,90
600,00;Paraguay;2000;600;Paraguay;PRY;150,00;Paraguay 2000;PRY00;13,59
600,00;Paraguay;2002;600;Paraguay;PRY;150,00;Paraguay 2002;PRY02;14,69
600,00;Paraguay;2003;600;Paraguay;PRY;150,00;Paraguay 2003;PRY03;11,57
600,00;Paraguay;2004;600;Paraguay;PRY;150,00;Paraguay 2004;PRY04;9,71
600,00;Paraguay;2005;600;Paraguay;PRY;150,00;Paraguay 2005;PRY05;9,97
600,00;Paraguay;2006;600;Paraguay;PRY;150,00;Paraguay 2006;PRY06;10,37
600,00;Paraguay;2007;600;Paraguay;PRY;150,00;Paraguay 2007;PRY07;10,31
600,00;Paraguay;2008;600;Paraguay;PRY;150,00;Paraguay 2008;PRY08;8,83
600,00;Paraguay;2009;600;Paraguay;PRY;150,00;Paraguay 2009;PRY09;10,15
600,00;Paraguay;2010;600;Paraguay;PRY;150,00;Paraguay 2010;PRY10;10,13
600,00;Paraguay;2011;600;Paraguay;PRY;150,00;Paraguay 2011;PRY11;11,40
600,00;Paraguay;2012;600;Paraguay;PRY;150,00;Paraguay 2012;PRY12;9,86
600,00;Paraguay;2013;600;Paraguay;PRY;150,00;Paraguay 2013;PRY13;9,36
600,00;Paraguay;2014;600;Paraguay;PRY;150,00;Paraguay 2014;PRY14;9,69
600,00;Paraguay;2015;600;Paraguay;PRY;150,00;Paraguay 2015;PRY15;9,99
600,00;Paraguay;2016;600;Paraguay;PRY;150,00;Paraguay 2016;PRY16;9,60
600,00;Paraguay;2017;600;Paraguay;PRY;150,00;Paraguay 2017;PRY17;8,22
600,00;Paraguay;2018;600;Paraguay;PRY;150,00;Paraguay 2018;PRY18;8,60
600,00;Paraguay;2019;600;Paraguay;PRY;150,00;Paraguay 2019;PRY19;8,63
600,00;Paraguay;2020;600;Paraguay;PRY;150,00;Paraguay 2020;PRY20;8,21
604,00;Peru;2004;604;Peru;PER;135,00;Peru 2004;PER04;22,54
604,00;Peru;2005;604;Peru;PER;135,00;Peru 2005;PER05;15,68
604,00;Peru;2006;604;Peru;PER;135,00;Peru 2006;PER06;14,68
604,00;Peru;2007;604;Peru;PER;135,00;Peru 2007;PER07;15,88
604,00;Peru;2008;604;Peru;PER;135,00;Peru 2008;PER08;15,94
604,00;Peru;2009;604;Peru;PER;135,00;Peru 2009;PER09;14,30
604,00;Peru;2010;604;Peru;PER;135,00;Peru 2010;PER10;13,90
604,00;Peru;2011;604;Peru;PER;135,00;Peru 2011;PER11;14,03
604,00;Peru;2012;604;Peru;PER;135,00;Peru 2012;PER12;14,16
604,00;Peru;2013;604;Peru;PER;135,00;Peru 2013;PER13;12,53
604,00;Peru;2014;604;Peru;PER;135,00;Peru 2014;PER14;12,02
604,00;Peru;2015;604;Peru;PER;135,00;Peru 2015;PER15;11,43
604,00;Peru;2016;604;Peru;PER;135,00;Peru 2016;PER16;11,76
604,00;Peru;2017;604;Peru;PER;135,00;Peru 2017;PER17;11,37
604,00;Peru;2018;604;Peru;PER;135,00;Peru 2018;PER18;11,21
604,00;Peru;2019;604;Peru;PER;135,00;Peru 2019;PER19;10,53
604,00;Peru;2021;604;Peru;PER;135,00;Peru 2021;PER21;10,26
616,00;Poland;1986;616;Poland;POL;290,00;Poland 1986;POL86;3,51
616,00;Poland;1992;616;Poland;POL;290,00;Poland 1992;POL92;3,16
616,00;Poland;1995;616;Poland;POL;290,00;Poland 1995;POL95;4,04
616,00;Poland;1999;616;Poland;POL;290,00;Poland 1999;POL99;3,53
616,00;Poland;2004;616;Poland;POL;290,00;Poland 2004;POL04;4,02
616,00;Poland;2005;616;Poland;POL;290,00;Poland 2005;POL05;3,98
616,00;Poland;2006;616;Poland;POL;290,00;Poland 2006;POL06;3,90
616,00;Poland;2007;616;Poland;POL;290,00;Poland 2007;POL07;3,78
616,00;Poland;2008;616;Poland;POL;290,00;Poland 2008;POL08;3,84
616,00;Poland;2009;616;Poland;POL;290,00;Poland 2009;POL09;3,87
616,00;Poland;2010;616;Poland;POL;290,00;Poland 2010;POL10;3,86
616,00;Poland;2011;616;Poland;POL;290,00;Poland 2011;POL11;3,88
616,00;Poland;2012;616;Poland;POL;290,00;Poland 2012;POL12;3,98
616,00;Poland;2013;616;Poland;POL;290,00;Poland 2013;POL13;3,99
616,00;Poland;2014;616;Poland;POL;290,00;Poland 2014;POL14;3,93
616,00;Poland;2015;616;Poland;POL;290,00;Poland 2015;POL15;3,85
616,00;Poland;2016;616;Poland;POL;290,00;Poland 2016;POL16;3,50
616,00;Poland;2017;616;Poland;POL;290,00;Poland 2017;POL17;3,35
616,00;Poland;2018;616;Poland;POL;290,00;Poland 2018;POL18;3,43
616,00;Poland;2019;616;Poland;POL;290,00;Poland 2019;POL19;3,50
616,00;Poland;2020;616;Poland;POL;290,00;Poland 2020;POL20;3,66
642,00;Romania;1995;642;Romania;ROU;360,00;Romania 1995;ROU95;3,42
642,00;Romania;1997;642;Romania;ROU;360,00;Romania 1997;ROU97;3,40
642,00;Romania;2006;642;Romania;ROU;360,00;Romania 2006;ROU06;4,90
642,00;Romania;2007;642;Romania;ROU;360,00;Romania 2007;ROU07;4,61
642,00;Romania;2008;642;Romania;ROU;360,00;Romania 2008;ROU08;4,31
642,00;Romania;2009;642;Romania;ROU;360,00;Romania 2009;ROU09;4,24
642,00;Romania;2010;642;Romania;ROU;360,00;Romania 2010;ROU10;4,50
642,00;Romania;2011;642;Romania;ROU;360,00;Romania 2011;ROU11;4,57
642,00;Romania;2012;642;Romania;ROU;360,00;Romania 2012;ROU12;4,57
642,00;Romania;2013;642;Romania;ROU;360,00;Romania 2013;ROU13;4,61
642,00;Romania;2014;642;Romania;ROU;360,00;Romania 2014;ROU14;5,16
642,00;Romania;2015;642;Romania;ROU;360,00;Romania 2015;ROU15;4,77
642,00;Romania;2016;642;Romania;ROU;360,00;Romania 2016;ROU16;4,59
642,00;Romania;2017;642;Romania;ROU;360,00;Romania 2017;ROU17;5,01
642,00;Romania;2018;642;Romania;ROU;360,00;Romania 2018;ROU18;4,98
642,00;Romania;2019;642;Romania;ROU;360,00;Romania 2019;ROU19;4,67
642,00;Romania;2020;642;Romania;ROU;360,00;Romania 2020;ROU20;5,05
642,00;Romania;2021;642;Romania;ROU;360,00;Romania 2021;ROU21;4,28
643,00;Russian Federation (the);2000;643;Russia;RUS;365,00;Russia 2000;RUS00;6,85
643,00;Russian Federation (the);2004;643;Russia;RUS;365,00;Russia 2004;RUS04;6,25
643,00;Russian Federation (the);2007;643;Russia;RUS;365,00;Russia 2007;RUS07;5,47
643,00;Russian Federation (the);2010;643;Russia;RUS;365,00;Russia 2010;RUS10;4,78
643,00;Russian Federation (the);2011;643;Russia;RUS;365,00;Russia 2011;RUS11;5,39
643,00;Russian Federation (the);2013;643;Russia;RUS;365,00;Russia 2013;RUS13;4,99
643,00;Russian Federation (the);2014;643;Russia;RUS;365,00;Russia 2014;RUS14;4,82
643,00;Russian Federation (the);2015;643;Russia;RUS;365,00;Russia 2015;RUS15;4,71
643,00;Russian Federation (the);2016;643;Russia;RUS;365,00;Russia 2016;RUS16;4,62
643,00;Russian Federation (the);2017;643;Russia;RUS;365,00;Russia 2017;RUS17;4,36
643,00;Russian Federation (the);2018;643;Russia;RUS;365,00;Russia 2018;RUS18;4,32
643,00;Russian Federation (the);2019;643;Russia;RUS;365,00;Russia 2019;RUS19;4,28
643,00;Russian Federation (the);2020;643;Russia;RUS;365,00;Russia 2020;RUS20;3,96
643,00;Russian Federation (the);2021;643;Russia;RUS;365,00;Russia 2021;RUS21;4,14
688,00;Serbia;2006;688;Serbia;SRB;;Serbia 2006;SRB06;5,48
688,00;Serbia;2007;688;Serbia;SRB;;Serbia 2007;SRB07;5,88
688,00;Serbia;2008;688;Serbia;SRB;;Serbia 2008;SRB08;5,02
688,00;Serbia;2009;688;Serbia;SRB;;Serbia 2009;SRB09;5,11
688,00;Serbia;2010;688;Serbia;SRB;;Serbia 2010;SRB10;5,04
688,00;Serbia;2011;688;Serbia;SRB;;Serbia 2011;SRB11;4,63
688,00;Serbia;2012;688;Serbia;SRB;;Serbia 2012;SRB12;5,08
688,00;Serbia;2013;688;Serbia;SRB;;Serbia 2013;SRB13;4,88
688,00;Serbia;2014;688;Serbia;SRB;;Serbia 2014;SRB14;5,22
688,00;Serbia;2015;688;Serbia;SRB;;Serbia 2015;SRB15;4,91
688,00;Serbia;2016;688;Serbia;SRB;;Serbia 2016;SRB16;4,96
688,00;Serbia;2017;688;Serbia;SRB;;Serbia 2017;SRB17;4,48
688,00;Serbia;2018;688;Serbia;SRB;;Serbia 2018;SRB18;4,91
688,00;Serbia;2019;688;Serbia;SRB;;Serbia 2019;SRB19;4,24
688,00;Serbia;2021;688;Serbia;SRB;;Serbia 2021;SRB21;4,51
688,00;Serbia;2022;688;Serbia;SRB;;Serbia 2022;SRB22;4,46
703,00;Slovakia;1996;703;Slovakia;SVK;317,00;Slovakia 1996;SVK96;3,04
703,00;Slovakia;2004;703;Slovakia;SVK;317,00;Slovakia 2004;SVK04;3,30
703,00;Slovakia;2007;703;Slovakia;SVK;317,00;Slovakia 2007;SVK07;3,05
703,00;Slovakia;2010;703;Slovakia;SVK;317,00;Slovakia 2010;SVK10;3,25
703,00;Slovakia;2013;703;Slovakia;SVK;317,00;Slovakia 2013;SVK13;3,34
703,00;Slovakia;2014;703;Slovakia;SVK;317,00;Slovakia 2014;SVK14;3,11
703,00;Slovakia;2015;703;Slovakia;SVK;317,00;Slovakia 2015;SVK15;3,05
703,00;Slovakia;2016;703;Slovakia;SVK;317,00;Slovakia 2016;SVK16;2,94
703,00;Slovakia;2017;703;Slovakia;SVK;317,00;Slovakia 2017;SVK17;2,81
703,00;Slovakia;2018;703;Slovakia;SVK;317,00;Slovakia 2018;SVK18;3,02
704,00;Viet Nam;2005;704;Vietnam;VNM;816,00;Vietnam 2005;VNM05;4,74
704,00;Viet Nam;2007;704;Vietnam;VNM;816,00;Vietnam 2007;VNM07;5,12
704,00;Viet Nam;2009;704;Vietnam;VNM;816,00;Vietnam 2009;VNM09;5,38
704,00;Viet Nam;2011;704;Vietnam;VNM;816,00;Vietnam 2011;VNM11;4,86
704,00;Viet Nam;2013;704;Vietnam;VNM;816,00;Vietnam 2013;VNM13;4,94
705,00;Slovenia;1997;705;Slovenia;SVN;349,00;Slovenia 1997;SVN97;2,86
705,00;Slovenia;1999;705;Slovenia;SVN;349,00;Slovenia 1999;SVN99;2,91
705,00;Slovenia;2004;705;Slovenia;SVN;349,00;Slovenia 2004;SVN04;2,92
705,00;Slovenia;2007;705;Slovenia;SVN;349,00;Slovenia 2007;SVN07;2,98
705,00;Slovenia;2010;705;Slovenia;SVN;349,00;Slovenia 2010;SVN10;3,30
705,00;Slovenia;2012;705;Slovenia;SVN;349,00;Slovenia 2012;SVN12;3,51
705,00;Slovenia;2015;705;Slovenia;SVN;349,00;Slovenia 2015;SVN15;3,45
710,00;South Africa;2008;710;South Africa;ZAF;560,00;South Africa 2008;ZAF08;30,94
710,00;South Africa;2010;710;South Africa;ZAF;560,00;South Africa 2010;ZAF10;26,06
710,00;South Africa;2012;710;South Africa;ZAF;560,00;South Africa 2012;ZAF12;23,43
710,00;South Africa;2015;710;South Africa;ZAF;560,00;South Africa 2015;ZAF15;21,44
710,00;South Africa;2017;710;South Africa;ZAF;560,00;South Africa 2017;ZAF17;22,36
724,00;Spain;1980;724;Spain;ESP;230,00;Spain 1980;ESP80;4,37
724,00;Spain;1985;724;Spain;ESP;230,00;Spain 1985;ESP85;4,08
724,00;Spain;1990;724;Spain;ESP;230,00;Spain 1990;ESP90;3,94
724,00;Spain;1993;724;Spain;ESP;230,00;Spain 1993;ESP93;4,87
724,00;Spain;1994;724;Spain;ESP;230,00;Spain 1994;ESP94;4,68
724,00;Spain;1995;724;Spain;ESP;230,00;Spain 1995;ESP95;4,52
724,00;Spain;1996;724;Spain;ESP;230,00;Spain 1996;ESP96;5,24
724,00;Spain;1997;724;Spain;ESP;230,00;Spain 1997;ESP97;4,86
724,00;Spain;1998;724;Spain;ESP;230,00;Spain 1998;ESP98;4,68
724,00;Spain;1999;724;Spain;ESP;230,00;Spain 1999;ESP99;4,70
724,00;Spain;2000;724;Spain;ESP;230,00;Spain 2000;ESP00;4,68
724,00;Spain;2004;724;Spain;ESP;230,00;Spain 2004;ESP04;4,83
724,00;Spain;2005;724;Spain;ESP;230,00;Spain 2005;ESP05;4,82
724,00;Spain;2006;724;Spain;ESP;230,00;Spain 2006;ESP06;4,41
724,00;Spain;2007;724;Spain;ESP;230,00;Spain 2007;ESP07;4,57
724,00;Spain;2008;724;Spain;ESP;230,00;Spain 2008;ESP08;4,60
724,00;Spain;2009;724;Spain;ESP;230,00;Spain 2009;ESP09;4,78
724,00;Spain;2010;724;Spain;ESP;230,00;Spain 2010;ESP10;4,82
724,00;Spain;2011;724;Spain;ESP;230,00;Spain 2011;ESP11;5,05
724,00;Spain;2012;724;Spain;ESP;230,00;Spain 2012;ESP12;4,92
724,00;Spain;2013;724;Spain;ESP;230,00;Spain 2013;ESP13;5,38
724,00;Spain;2014;724;Spain;ESP;230,00;Spain 2014;ESP14;5,47
724,00;Spain;2015;724;Spain;ESP;230,00;Spain 2015;ESP15;5,27
724,00;Spain;2016;724;Spain;ESP;230,00;Spain 2016;ESP16;5,25
724,00;Spain;2017;724;Spain;ESP;230,00;Spain 2017;ESP17;4,83
724,00;Spain;2018;724;Spain;ESP;230,00;Spain 2018;ESP18;4,76
724,00;Spain;2019;724;Spain;ESP;230,00;Spain 2019;ESP19;4,74
752,00;Sweden;1975;752;Sweden;SWE;380,00;Sweden 1975;SWE75;2,75
752,00;Sweden;1981;752;Sweden;SWE;380,00;Sweden 1981;SWE81;2,45
752,00;Sweden;1987;752;Sweden;SWE;380,00;Sweden 1987;SWE87;2,63
752,00;Sweden;1992;752;Sweden;SWE;380,00;Sweden 1992;SWE92;2,78
752,00;Sweden;1995;752;Sweden;SWE;380,00;Sweden 1995;SWE95;2,61
752,00;Sweden;2000;752;Sweden;SWE;380,00;Sweden 2000;SWE00;2,92
752,00;Sweden;2001;752;Sweden;SWE;380,00;Sweden 2001;SWE01;2,93
752,00;Sweden;2002;752;Sweden;SWE;380,00;Sweden 2002;SWE02;2,93
752,00;Sweden;2003;752;Sweden;SWE;380,00;Sweden 2003;SWE03;2,85
752,00;Sweden;2004;752;Sweden;SWE;380,00;Sweden 2004;SWE04;2,85
752,00;Sweden;2005;752;Sweden;SWE;380,00;Sweden 2005;SWE05;2,90
752,00;Sweden;2006;752;Sweden;SWE;380,00;Sweden 2006;SWE06;2,97
752,00;Sweden;2007;752;Sweden;SWE;380,00;Sweden 2007;SWE07;3,17
752,00;Sweden;2008;752;Sweden;SWE;380,00;Sweden 2008;SWE08;3,20
752,00;Sweden;2009;752;Sweden;SWE;380,00;Sweden 2009;SWE09;3,36
752,00;Sweden;2010;752;Sweden;SWE;380,00;Sweden 2010;SWE10;3,36
752,00;Sweden;2011;752;Sweden;SWE;380,00;Sweden 2011;SWE11;3,42
752,00;Sweden;2012;752;Sweden;SWE;380,00;Sweden 2012;SWE12;3,40
752,00;Sweden;2013;752;Sweden;SWE;380,00;Sweden 2013;SWE13;3,43
752,00;Sweden;2014;752;Sweden;SWE;380,00;Sweden 2014;SWE14;3,45
752,00;Sweden;2015;752;Sweden;SWE;380,00;Sweden 2015;SWE15;3,44
752,00;Sweden;2016;752;Sweden;SWE;380,00;Sweden 2016;SWE16;3,40
752,00;Sweden;2017;752;Sweden;SWE;380,00;Sweden 2017;SWE17;3,53
752,00;Sweden;2018;752;Sweden;SWE;380,00;Sweden 2018;SWE18;3,48
752,00;Sweden;2019;752;Sweden;SWE;380,00;Sweden 2019;SWE19;3,45
752,00;Sweden;2020;752;Sweden;SWE;380,00;Sweden 2020;SWE20;3,43
752,00;Sweden;2021;752;Sweden;SWE;380,00;Sweden 2021;SWE21;3,48
756,00;Switzerland;1982;756;Switzerland;CHE;225,00;Switzerland 1982;CHE82;3,43
756,00;Switzerland;1992;756;Switzerland;CHE;225,00;Switzerland 1992;CHE92;3,68
756,00;Switzerland;2000;756;Switzerland;CHE;225,00;Switzerland 2000;CHE00;3,34
756,00;Switzerland;2002;756;Switzerland;CHE;225,00;Switzerland 2002;CHE02;3,38
756,00;Switzerland;2004;756;Switzerland;CHE;225,00;Switzerland 2004;CHE04;3,27
756,00;Switzerland;2006;756;Switzerland;CHE;225,00;Switzerland 2006;CHE06;3,72
756,00;Switzerland;2007;756;Switzerland;CHE;225,00;Switzerland 2007;CHE07;3,72
756,00;Switzerland;2008;756;Switzerland;CHE;225,00;Switzerland 2008;CHE08;3,71
756,00;Switzerland;2009;756;Switzerland;CHE;225,00;Switzerland 2009;CHE09;3,61
756,00;Switzerland;2010;756;Switzerland;CHE;225,00;Switzerland 2010;CHE10;3,52
756,00;Switzerland;2011;756;Switzerland;CHE;225,00;Switzerland 2011;CHE11;3,68
756,00;Switzerland;2012;756;Switzerland;CHE;225,00;Switzerland 2012;CHE12;3,50
756,00;Switzerland;2013;756;Switzerland;CHE;225,00;Switzerland 2013;CHE13;3,57
756,00;Switzerland;2014;756;Switzerland;CHE;225,00;Switzerland 2014;CHE14;3,67
756,00;Switzerland;2015;756;Switzerland;CHE;225,00;Switzerland 2015;CHE15;3,60
756,00;Switzerland;2016;756;Switzerland;CHE;225,00;Switzerland 2016;CHE16;3,80
756,00;Switzerland;2017;756;Switzerland;CHE;225,00;Switzerland 2017;CHE17;3,69
756,00;Switzerland;2018;756;Switzerland;CHE;225,00;Switzerland 2018;CHE18;3,78
756,00;Switzerland;2019;756;Switzerland;CHE;225,00;Switzerland 2019;CHE19;3,78
818,00;Egypt;2012;818;Egypt;EGY;651,00;Egypt 2012;EGY12;8,86
826,00;United Kingdom of Great Britain and Northern Ireland (the);1968;826;United Kingdom;GBR;200,00;United Kingdom 1968;GBR68;2,92
826,00;United Kingdom of Great Britain and Northern Ireland (the);1969;826;United Kingdom;GBR;200,00;United Kingdom 1969;GBR69;3,05
826,00;United Kingdom of Great Britain and Northern Ireland (the);1970;826;United Kingdom;GBR;200,00;United Kingdom 1970;GBR70;3,14
826,00;United Kingdom of Great Britain and Northern Ireland (the);1971;826;United Kingdom;GBR;200,00;United Kingdom 1971;GBR71;3,25
826,00;United Kingdom of Great Britain and Northern Ireland (the);1972;826;United Kingdom;GBR;200,00;United Kingdom 1972;GBR72;3,31
826,00;United Kingdom of Great Britain and Northern Ireland (the);1973;826;United Kingdom;GBR;200,00;United Kingdom 1973;GBR73;3,21
826,00;United Kingdom of Great Britain and Northern Ireland (the);1974;826;United Kingdom;GBR;200,00;United Kingdom 1974;GBR74;3,15
826,00;United Kingdom of Great Britain and Northern Ireland (the);1975;826;United Kingdom;GBR;200,00;United Kingdom 1975;GBR75;3,08
826,00;United Kingdom of Great Britain and Northern Ireland (the);1976;826;United Kingdom;GBR;200,00;United Kingdom 1976;GBR76;3,04
826,00;United Kingdom of Great Britain and Northern Ireland (the);1977;826;United Kingdom;GBR;200,00;United Kingdom 1977;GBR77;3,01
826,00;United Kingdom of Great Britain and Northern Ireland (the);1978;826;United Kingdom;GBR;200,00;United Kingdom 1978;GBR78;3,11
826,00;United Kingdom of Great Britain and Northern Ireland (the);1979;826;United Kingdom;GBR;200,00;United Kingdom 1979;GBR79;3,18
826,00;United Kingdom of Great Britain and Northern Ireland (the);1980;826;United Kingdom;GBR;200,00;United Kingdom 1980;GBR80;3,31
826,00;United Kingdom of Great Britain and Northern Ireland (the);1981;826;United Kingdom;GBR;200,00;United Kingdom 1981;GBR81;3,32
826,00;United Kingdom of Great Britain and Northern Ireland (the);1982;826;United Kingdom;GBR;200,00;United Kingdom 1982;GBR82;3,36
826,00;United Kingdom of Great Britain and Northern Ireland (the);1983;826;United Kingdom;GBR;200,00;United Kingdom 1983;GBR83;3,35
826,00;United Kingdom of Great Britain and Northern Ireland (the);1984;826;United Kingdom;GBR;200,00;United Kingdom 1984;GBR84;3,32
826,00;United Kingdom of Great Britain and Northern Ireland (the);1985;826;United Kingdom;GBR;200,00;United Kingdom 1985;GBR85;3,54
826,00;United Kingdom of Great Britain and Northern Ireland (the);1986;826;United Kingdom;GBR;200,00;United Kingdom 1986;GBR86;3,62
826,00;United Kingdom of Great Britain and Northern Ireland (the);1987;826;United Kingdom;GBR;200,00;United Kingdom 1987;GBR87;3,98
826,00;United Kingdom of Great Britain and Northern Ireland (the);1988;826;United Kingdom;GBR;200,00;United Kingdom 1988;GBR88;4,22
826,00;United Kingdom of Great Britain and Northern Ireland (the);1989;826;United Kingdom;GBR;200,00;United Kingdom 1989;GBR89;4,18
826,00;United Kingdom of Great Britain and Northern Ireland (the);1990;826;United Kingdom;GBR;200,00;United Kingdom 1990;GBR90;4,44
826,00;United Kingdom of Great Britain and Northern Ireland (the);1991;826;United Kingdom;GBR;200,00;United Kingdom 1991;GBR91;4,48
826,00;United Kingdom of Great Britain and Northern Ireland (the);1992;826;United Kingdom;GBR;200,00;United Kingdom 1992;GBR92;4,36
826,00;United Kingdom of Great Britain and Northern Ireland (the);1993;826;United Kingdom;GBR;200,00;United Kingdom 1993;GBR93;4,37
826,00;United Kingdom of Great Britain and Northern Ireland (the);1994;826;United Kingdom;GBR;200,00;United Kingdom 1994;GBR94;4,34
826,00;United Kingdom of Great Britain and Northern Ireland (the);1995;826;United Kingdom;GBR;200,00;United Kingdom 1995;GBR95;4,36
826,00;United Kingdom of Great Britain and Northern Ireland (the);1996;826;United Kingdom;GBR;200,00;United Kingdom 1996;GBR96;4,32
826,00;United Kingdom of Great Britain and Northern Ireland (the);1997;826;United Kingdom;GBR;200,00;United Kingdom 1997;GBR97;4,36
826,00;United Kingdom of Great Britain and Northern Ireland (the);1998;826;United Kingdom;GBR;200,00;United Kingdom 1998;GBR98;4,45
826,00;United Kingdom of Great Britain and Northern Ireland (the);1999;826;United Kingdom;GBR;200,00;United Kingdom 1999;GBR99;4,44
826,00;United Kingdom of Great Britain and Northern Ireland (the);2000;826;United Kingdom;GBR;200,00;United Kingdom 2000;GBR00;4,47
826,00;United Kingdom of Great Britain and Northern Ireland (the);2001;826;United Kingdom;GBR;200,00;United Kingdom 2001;GBR01;4,42
826,00;United Kingdom of Great Britain and Northern Ireland (the);2002;826;United Kingdom;GBR;200,00;United Kingdom 2002;GBR02;4,23
826,00;United Kingdom of Great Britain and Northern Ireland (the);2003;826;United Kingdom;GBR;200,00;United Kingdom 2003;GBR03;4,13
826,00;United Kingdom of Great Britain and Northern Ireland (the);2004;826;United Kingdom;GBR;200,00;United Kingdom 2004;GBR04;4,08
826,00;United Kingdom of Great Britain and Northern Ireland (the);2005;826;United Kingdom;GBR;200,00;United Kingdom 2005;GBR05;4,11
826,00;United Kingdom of Great Britain and Northern Ireland (the);2006;826;United Kingdom;GBR;200,00;United Kingdom 2006;GBR06;4,25
826,00;United Kingdom of Great Britain and Northern Ireland (the);2007;826;United Kingdom;GBR;200,00;United Kingdom 2007;GBR07;4,23
826,00;United Kingdom of Great Britain and Northern Ireland (the);2008;826;United Kingdom;GBR;200,00;United Kingdom 2008;GBR08;4,16
826,00;United Kingdom of Great Britain and Northern Ireland (the);2009;826;United Kingdom;GBR;200,00;United Kingdom 2009;GBR09;4,09
826,00;United Kingdom of Great Britain and Northern Ireland (the);2010;826;United Kingdom;GBR;200,00;United Kingdom 2010;GBR10;3,96
826,00;United Kingdom of Great Britain and Northern Ireland (the);2011;826;United Kingdom;GBR;200,00;United Kingdom 2011;GBR11;3,86
826,00;United Kingdom of Great Britain and Northern Ireland (the);2012;826;United Kingdom;GBR;200,00;United Kingdom 2012;GBR12;3,85
826,00;United Kingdom of Great Britain and Northern Ireland (the);2013;826;United Kingdom;GBR;200,00;United Kingdom 2013;GBR13;3,81
826,00;United Kingdom of Great Britain and Northern Ireland (the);2014;826;United Kingdom;GBR;200,00;United Kingdom 2014;GBR14;3,90
826,00;United Kingdom of Great Britain and Northern Ireland (the);2015;826;United Kingdom;GBR;200,00;United Kingdom 2015;GBR15;3,88
826,00;United Kingdom of Great Britain and Northern Ireland (the);2016;826;United Kingdom;GBR;200,00;United Kingdom 2016;GBR16;3,91
826,00;United Kingdom of Great Britain and Northern Ireland (the);2017;826;United Kingdom;GBR;200,00;United Kingdom 2017;GBR17;3,96
826,00;United Kingdom of Great Britain and Northern Ireland (the);2018;826;United Kingdom;GBR;200,00;United Kingdom 2018;GBR18;4,06
826,00;United Kingdom of Great Britain and Northern Ireland (the);2019;826;United Kingdom;GBR;200,00;United Kingdom 2019;GBR19;4,05
826,00;United Kingdom of Great Britain and Northern Ireland (the);2020;826;United Kingdom;GBR;200,00;United Kingdom 2020;GBR20;3,82
826,00;United Kingdom of Great Britain and Northern Ireland (the);2021;826;United Kingdom;GBR;200,00;United Kingdom 2021;GBR21;3,82
840,00;United States of America (the);1963;840;United States;USA;2,00;United States 1963;USA63;5,52
840,00;United States of America (the);1964;840;United States;USA;2,00;United States 1964;USA64;5,47
840,00;United States of America (the);1965;840;United States;USA;2,00;United States 1965;USA65;5,44
840,00;United States of America (the);1966;840;United States;USA;2,00;United States 1966;USA66;5,31
840,00;United States of America (the);1967;840;United States;USA;2,00;United States 1967;USA67;5,09
840,00;United States of America (the);1968;840;United States;USA;2,00;United States 1968;USA68;4,86
840,00;United States of America (the);1969;840;United States;USA;2,00;United States 1969;USA69;4,84
840,00;United States of America (the);1970;840;United States;USA;2,00;United States 1970;USA70;5,09
840,00;United States of America (the);1971;840;United States;USA;2,00;United States 1971;USA71;5,14
840,00;United States of America (the);1972;840;United States;USA;2,00;United States 1972;USA72;5,27
840,00;United States of America (the);1973;840;United States;USA;2,00;United States 1973;USA73;5,12
840,00;United States of America (the);1974;840;United States;USA;2,00;United States 1974;USA74;5,00
840,00;United States of America (the);1975;840;United States;USA;2,00;United States 1975;USA75;4,96
840,00;United States of America (the);1976;840;United States;USA;2,00;United States 1976;USA76;4,94
840,00;United States of America (the);1977;840;United States;USA;2,00;United States 1977;USA77;4,76
840,00;United States of America (the);1978;840;United States;USA;2,00;United States 1978;USA78;4,78
840,00;United States of America (the);1979;840;United States;USA;2,00;United States 1979;USA79;4,62
840,00;United States of America (the);1980;840;United States;USA;2,00;United States 1980;USA80;4,64
840,00;United States of America (the);1981;840;United States;USA;2,00;United States 1981;USA81;4,78
840,00;United States of America (the);1982;840;United States;USA;2,00;United States 1982;USA82;5,17
840,00;United States of America (the);1983;840;United States;USA;2,00;United States 1983;USA83;5,41
840,00;United States of America (the);1984;840;United States;USA;2,00;United States 1984;USA84;5,45
840,00;United States of America (the);1985;840;United States;USA;2,00;United States 1985;USA85;5,46
840,00;United States of America (the);1986;840;United States;USA;2,00;United States 1986;USA86;5,60
840,00;United States of America (the);1987;840;United States;USA;2,00;United States 1987;USA87;5,42
840,00;United States of America (the);1988;840;United States;USA;2,00;United States 1988;USA88;5,41
840,00;United States of America (the);1989;840;United States;USA;2,00;United States 1989;USA89;5,38
840,00;United States of America (the);1990;840;United States;USA;2,00;United States 1990;USA90;5,36
840,00;United States of America (the);1991;840;United States;USA;2,00;United States 1991;USA91;5,37
840,00;United States of America (the);1992;840;United States;USA;2,00;United States 1992;USA92;5,49
840,00;United States of America (the);1993;840;United States;USA;2,00;United States 1993;USA93;5,67
840,00;United States of America (the);1994;840;United States;USA;2,00;United States 1994;USA94;5,48
840,00;United States of America (the);1995;840;United States;USA;2,00;United States 1995;USA95;5,24
840,00;United States of America (the);1996;840;United States;USA;2,00;United States 1996;USA96;5,30
840,00;United States of America (the);1997;840;United States;USA;2,00;United States 1997;USA97;5,35
840,00;United States of America (the);1998;840;United States;USA;2,00;United States 1998;USA98;5,33
840,00;United States of America (the);1999;840;United States;USA;2,00;United States 1999;USA99;5,32
840,00;United States of America (the);2000;840;United States;USA;2,00;United States 2000;USA00;5,27
840,00;United States of America (the);2001;840;United States;USA;2,00;United States 2001;USA01;5,30
840,00;United States of America (the);2002;840;United States;USA;2,00;United States 2002;USA02;5,45
840,00;United States of America (the);2003;840;United States;USA;2,00;United States 2003;USA03;5,74
840,00;United States of America (the);2004;840;United States;USA;2,00;United States 2004;USA04;5,57
840,00;United States of America (the);2005;840;United States;USA;2,00;United States 2005;USA05;5,68
840,00;United States of America (the);2006;840;United States;USA;2,00;United States 2006;USA06;5,78
840,00;United States of America (the);2007;840;United States;USA;2,00;United States 2007;USA07;5,78
840,00;United States of America (the);2008;840;United States;USA;2,00;United States 2008;USA08;5,70
840,00;United States of America (the);2009;840;United States;USA;2,00;United States 2009;USA09;5,41
840,00;United States of America (the);2010;840;United States;USA;2,00;United States 2010;USA10;5,62
840,00;United States of America (the);2011;840;United States;USA;2,00;United States 2011;USA11;5,71
840,00;United States of America (the);2012;840;United States;USA;2,00;United States 2012;USA12;5,76
840,00;United States of America (the);2013;840;United States;USA;2,00;United States 2013;USA13;5,70
840,00;United States of America (the);2014;840;United States;USA;2,00;United States 2014;USA14;5,87
840,00;United States of America (the);2015;840;United States;USA;2,00;United States 2015;USA15;5,74
840,00;United States of America (the);2016;840;United States;USA;2,00;United States 2016;USA16;5,88
840,00;United States of America (the);2017;840;United States;USA;2,00;United States 2017;USA17;5,89
840,00;United States of America (the);2018;840;United States;USA;2,00;United States 2018;USA18;5,99
840,00;United States of America (the);2019;840;United States;USA;2,00;United States 2019;USA19;6,05
840,00;United States of America (the);2020;840;United States;USA;2,00;United States 2020;USA20;5,61
840,00;United States of America (the);2021;840;United States;USA;2,00;United States 2021;USA21;5,21
840,00;United States of America (the);2022;840;United States;USA;2,00;United States 2022;USA22;5,99
858,00;Uruguay;2004;858;Uruguay;URY;165,00;Uruguay 2004;URY04;6,96
858,00;Uruguay;2005;858;Uruguay;URY;165,00;Uruguay 2005;URY05;6,89
858,00;Uruguay;2006;858;Uruguay;URY;165,00;Uruguay 2006;URY06;6,60
858,00;Uruguay;2007;858;Uruguay;URY;165,00;Uruguay 2007;URY07;6,51
858,00;Uruguay;2008;858;Uruguay;URY;165,00;Uruguay 2008;URY08;6,67
858,00;Uruguay;2009;858;Uruguay;URY;165,00;Uruguay 2009;URY09;6,38
858,00;Uruguay;2010;858;Uruguay;URY;165,00;Uruguay 2010;URY10;5,95
858,00;Uruguay;2011;858;Uruguay;URY;165,00;Uruguay 2011;URY11;5,48
858,00;Uruguay;2012;858;Uruguay;URY;165,00;Uruguay 2012;URY12;5,30
858,00;Uruguay;2013;858;Uruguay;URY;165,00;Uruguay 2013;URY13;5,40
858,00;Uruguay;2014;858;Uruguay;URY;165,00;Uruguay 2014;URY14;5,29
858,00;Uruguay;2015;858;Uruguay;URY;165,00;Uruguay 2015;URY15;5,37
858,00;Uruguay;2016;858;Uruguay;URY;165,00;Uruguay 2016;URY16;5,16
858,00;Uruguay;2017;858;Uruguay;URY;165,00;Uruguay 2017;URY17;5,11
858,00;Uruguay;2018;858;Uruguay;URY;165,00;Uruguay 2018;URY18;5,12
858,00;Uruguay;2019;858;Uruguay;URY;165,00;Uruguay 2019;URY19;5,16
858,00;Uruguay;2022;858;Uruguay;URY;165,00;Uruguay 2022;URY22;5,58
