ccode;cname;year;ccode_qog;cname_qog;ccodealp;ccodecow;cname_year;ccodealp_year;bti_mes
4,00;Afghanistan;2005;4;Afghanistan;AFG;700,00;Afghanistan 2005;AFG05;3,07
4,00;Afghanistan;2007;4;Afghanistan;AFG;700,00;Afghanistan 2007;AFG07;2,86
4,00;Afghanistan;2009;4;Afghanistan;AFG;700,00;Afghanistan 2009;AFG09;2,82
4,00;Afghanistan;2011;4;Afghanistan;AFG;700,00;Afghanistan 2011;AFG11;2,89
4,00;Afghanistan;2013;4;Afghanistan;AFG;700,00;Afghanistan 2013;AFG13;2,96
4,00;Afghanistan;2015;4;Afghanistan;AFG;700,00;Afghanistan 2015;AFG15;2,89
4,00;Afghanistan;2017;4;Afghanistan;AFG;700,00;Afghanistan 2017;AFG17;2,89
4,00;Afghanistan;2019;4;Afghanistan;AFG;700,00;Afghanistan 2019;AFG19;3,14
4,00;Afghanistan;2021;4;Afghanistan;AFG;700,00;Afghanistan 2021;AFG21;2,75
4,00;Afghanistan;2023;4;Afghanistan;AFG;700,00;Afghanistan 2023;AFG23;2,32
8,00;Albania;2005;8;Albania;ALB;339,00;Albania 2005;ALB05;5,96
8,00;Albania;2007;8;Albania;ALB;339,00;Albania 2007;ALB07;6,64
8,00;Albania;2009;8;Albania;ALB;339,00;Albania 2009;ALB09;6,79
8,00;Albania;2011;8;Albania;ALB;339,00;Albania 2011;ALB11;6,79
8,00;Albania;2013;8;Albania;ALB;339,00;Albania 2013;ALB13;6,39
8,00;Albania;2015;8;Albania;ALB;339,00;Albania 2015;ALB15;6,46
8,00;Albania;2017;8;Albania;ALB;339,00;Albania 2017;ALB17;6,61
8,00;Albania;2019;8;Albania;ALB;339,00;Albania 2019;ALB19;6,54
8,00;Albania;2021;8;Albania;ALB;339,00;Albania 2021;ALB21;6,25
8,00;Albania;2023;8;Albania;ALB;339,00;Albania 2023;ALB23;7,04
12,00;Algeria;2005;12;Algeria;DZA;615,00;Algeria 2005;DZA05;4,61
12,00;Algeria;2007;12;Algeria;DZA;615,00;Algeria 2007;DZA07;5,18
12,00;Algeria;2009;12;Algeria;DZA;615,00;Algeria 2009;DZA09;5,36
12,00;Algeria;2011;12;Algeria;DZA;615,00;Algeria 2011;DZA11;5,25
12,00;Algeria;2013;12;Algeria;DZA;615,00;Algeria 2013;DZA13;5,43
12,00;Algeria;2015;12;Algeria;DZA;615,00;Algeria 2015;DZA15;5,43
12,00;Algeria;2017;12;Algeria;DZA;615,00;Algeria 2017;DZA17;5,21
12,00;Algeria;2019;12;Algeria;DZA;615,00;Algeria 2019;DZA19;5,36
12,00;Algeria;2021;12;Algeria;DZA;615,00;Algeria 2021;DZA21;5,43
12,00;Algeria;2023;12;Algeria;DZA;615,00;Algeria 2023;DZA23;5,39
24,00;Angola;2005;24;Angola;AGO;540,00;Angola 2005;AGO05;3,43
24,00;Angola;2007;24;Angola;AGO;540,00;Angola 2007;AGO07;3,68
24,00;Angola;2009;24;Angola;AGO;540,00;Angola 2009;AGO09;4,25
24,00;Angola;2011;24;Angola;AGO;540,00;Angola 2011;AGO11;4,96
24,00;Angola;2013;24;Angola;AGO;540,00;Angola 2013;AGO13;4,32
24,00;Angola;2015;24;Angola;AGO;540,00;Angola 2015;AGO15;4,07
24,00;Angola;2017;24;Angola;AGO;540,00;Angola 2017;AGO17;3,68
24,00;Angola;2019;24;Angola;AGO;540,00;Angola 2019;AGO19;3,68
24,00;Angola;2021;24;Angola;AGO;540,00;Angola 2021;AGO21;3,82
24,00;Angola;2023;24;Angola;AGO;540,00;Angola 2023;AGO23;4,57
31,00;Azerbaijan;2005;31;Azerbaijan;AZE;373,00;Azerbaijan 2005;AZE05;5,21
31,00;Azerbaijan;2007;31;Azerbaijan;AZE;373,00;Azerbaijan 2007;AZE07;5,21
31,00;Azerbaijan;2009;31;Azerbaijan;AZE;373,00;Azerbaijan 2009;AZE09;5,79
31,00;Azerbaijan;2011;31;Azerbaijan;AZE;373,00;Azerbaijan 2011;AZE11;5,68
31,00;Azerbaijan;2013;31;Azerbaijan;AZE;373,00;Azerbaijan 2013;AZE13;5,50
31,00;Azerbaijan;2015;31;Azerbaijan;AZE;373,00;Azerbaijan 2015;AZE15;5,39
31,00;Azerbaijan;2017;31;Azerbaijan;AZE;373,00;Azerbaijan 2017;AZE17;4,82
31,00;Azerbaijan;2019;31;Azerbaijan;AZE;373,00;Azerbaijan 2019;AZE19;5,25
31,00;Azerbaijan;2021;31;Azerbaijan;AZE;373,00;Azerbaijan 2021;AZE21;5,36
31,00;Azerbaijan;2023;31;Azerbaijan;AZE;373,00;Azerbaijan 2023;AZE23;5,54
32,00;Argentina;2005;32;Argentina;ARG;160,00;Argentina 2005;ARG05;6,57
32,00;Argentina;2007;32;Argentina;ARG;160,00;Argentina 2007;ARG07;6,82
32,00;Argentina;2009;32;Argentina;ARG;160,00;Argentina 2009;ARG09;6,61
32,00;Argentina;2011;32;Argentina;ARG;160,00;Argentina 2011;ARG11;6,36
32,00;Argentina;2013;32;Argentina;ARG;160,00;Argentina 2013;ARG13;5,96
32,00;Argentina;2015;32;Argentina;ARG;160,00;Argentina 2015;ARG15;5,75
32,00;Argentina;2017;32;Argentina;ARG;160,00;Argentina 2017;ARG17;6,54
32,00;Argentina;2019;32;Argentina;ARG;160,00;Argentina 2019;ARG19;6,43
32,00;Argentina;2021;32;Argentina;ARG;160,00;Argentina 2021;ARG21;5,75
32,00;Argentina;2023;32;Argentina;ARG;160,00;Argentina 2023;ARG23;5,50
48,00;Bahrain;2005;48;Bahrain;BHR;692,00;Bahrain 2005;BHR05;7,50
48,00;Bahrain;2007;48;Bahrain;BHR;692,00;Bahrain 2007;BHR07;7,39
48,00;Bahrain;2009;48;Bahrain;BHR;692,00;Bahrain 2009;BHR09;7,68
48,00;Bahrain;2011;48;Bahrain;BHR;692,00;Bahrain 2011;BHR11;7,43
48,00;Bahrain;2013;48;Bahrain;BHR;692,00;Bahrain 2013;BHR13;7,04
48,00;Bahrain;2015;48;Bahrain;BHR;692,00;Bahrain 2015;BHR15;6,43
48,00;Bahrain;2017;48;Bahrain;BHR;692,00;Bahrain 2017;BHR17;6,00
48,00;Bahrain;2019;48;Bahrain;BHR;692,00;Bahrain 2019;BHR19;6,25
48,00;Bahrain;2021;48;Bahrain;BHR;692,00;Bahrain 2021;BHR21;5,93
48,00;Bahrain;2023;48;Bahrain;BHR;692,00;Bahrain 2023;BHR23;5,82
50,00;Bangladesh;2005;50;Bangladesh;BGD;771,00;Bangladesh 2005;BGD05;5,46
50,00;Bangladesh;2007;50;Bangladesh;BGD;771,00;Bangladesh 2007;BGD07;5,11
50,00;Bangladesh;2009;50;Bangladesh;BGD;771,00;Bangladesh 2009;BGD09;5,43
50,00;Bangladesh;2011;50;Bangladesh;BGD;771,00;Bangladesh 2011;BGD11;5,39
50,00;Bangladesh;2013;50;Bangladesh;BGD;771,00;Bangladesh 2013;BGD13;5,43
50,00;Bangladesh;2015;50;Bangladesh;BGD;771,00;Bangladesh 2015;BGD15;5,43
50,00;Bangladesh;2017;50;Bangladesh;BGD;771,00;Bangladesh 2017;BGD17;5,61
50,00;Bangladesh;2019;50;Bangladesh;BGD;771,00;Bangladesh 2019;BGD19;5,68
50,00;Bangladesh;2021;50;Bangladesh;BGD;771,00;Bangladesh 2021;BGD21;5,39
50,00;Bangladesh;2023;50;Bangladesh;BGD;771,00;Bangladesh 2023;BGD23;4,86
51,00;Armenia;2005;51;Armenia;ARM;371,00;Armenia 2005;ARM05;6,43
51,00;Armenia;2007;51;Armenia;ARM;371,00;Armenia 2007;ARM07;6,82
51,00;Armenia;2009;51;Armenia;ARM;371,00;Armenia 2009;ARM09;6,50
51,00;Armenia;2011;51;Armenia;ARM;371,00;Armenia 2011;ARM11;5,93
51,00;Armenia;2013;51;Armenia;ARM;371,00;Armenia 2013;ARM13;6,07
51,00;Armenia;2015;51;Armenia;ARM;371,00;Armenia 2015;ARM15;5,89
51,00;Armenia;2017;51;Armenia;ARM;371,00;Armenia 2017;ARM17;6,04
51,00;Armenia;2019;51;Armenia;ARM;371,00;Armenia 2019;ARM19;6,29
51,00;Armenia;2021;51;Armenia;ARM;371,00;Armenia 2021;ARM21;6,11
51,00;Armenia;2023;51;Armenia;ARM;371,00;Armenia 2023;ARM23;6,32
64,00;Bhutan;2007;64;Bhutan;BTN;760,00;Bhutan 2007;BTN07;3,68
64,00;Bhutan;2009;64;Bhutan;BTN;760,00;Bhutan 2009;BTN09;4,07
64,00;Bhutan;2011;64;Bhutan;BTN;760,00;Bhutan 2011;BTN11;4,36
64,00;Bhutan;2013;64;Bhutan;BTN;760,00;Bhutan 2013;BTN13;5,00
64,00;Bhutan;2015;64;Bhutan;BTN;760,00;Bhutan 2015;BTN15;5,54
64,00;Bhutan;2017;64;Bhutan;BTN;760,00;Bhutan 2017;BTN17;5,93
64,00;Bhutan;2019;64;Bhutan;BTN;760,00;Bhutan 2019;BTN19;5,71
64,00;Bhutan;2021;64;Bhutan;BTN;760,00;Bhutan 2021;BTN21;5,71
64,00;Bhutan;2023;64;Bhutan;BTN;760,00;Bhutan 2023;BTN23;5,71
68,00;Bolivia (Plurinational State of);2005;68;Bolivia;BOL;145,00;Bolivia 2005;BOL05;5,39
68,00;Bolivia (Plurinational State of);2007;68;Bolivia;BOL;145,00;Bolivia 2007;BOL07;5,11
68,00;Bolivia (Plurinational State of);2009;68;Bolivia;BOL;145,00;Bolivia 2009;BOL09;5,46
68,00;Bolivia (Plurinational State of);2011;68;Bolivia;BOL;145,00;Bolivia 2011;BOL11;5,61
68,00;Bolivia (Plurinational State of);2013;68;Bolivia;BOL;145,00;Bolivia 2013;BOL13;5,89
68,00;Bolivia (Plurinational State of);2015;68;Bolivia;BOL;145,00;Bolivia 2015;BOL15;5,86
68,00;Bolivia (Plurinational State of);2017;68;Bolivia;BOL;145,00;Bolivia 2017;BOL17;5,71
68,00;Bolivia (Plurinational State of);2019;68;Bolivia;BOL;145,00;Bolivia 2019;BOL19;5,64
68,00;Bolivia (Plurinational State of);2021;68;Bolivia;BOL;145,00;Bolivia 2021;BOL21;5,29
68,00;Bolivia (Plurinational State of);2023;68;Bolivia;BOL;145,00;Bolivia 2023;BOL23;5,07
70,00;Bosnia and Herzegovina;2005;70;Bosnia and Herzegovina;BIH;346,00;Bosnia and Herzegovina 2005;BIH05;6,43
70,00;Bosnia and Herzegovina;2007;70;Bosnia and Herzegovina;BIH;346,00;Bosnia and Herzegovina 2007;BIH07;6,32
70,00;Bosnia and Herzegovina;2009;70;Bosnia and Herzegovina;BIH;346,00;Bosnia and Herzegovina 2009;BIH09;6,36
70,00;Bosnia and Herzegovina;2011;70;Bosnia and Herzegovina;BIH;346,00;Bosnia and Herzegovina 2011;BIH11;6,43
70,00;Bosnia and Herzegovina;2013;70;Bosnia and Herzegovina;BIH;346,00;Bosnia and Herzegovina 2013;BIH13;6,39
70,00;Bosnia and Herzegovina;2015;70;Bosnia and Herzegovina;BIH;346,00;Bosnia and Herzegovina 2015;BIH15;6,46
70,00;Bosnia and Herzegovina;2017;70;Bosnia and Herzegovina;BIH;346,00;Bosnia and Herzegovina 2017;BIH17;6,46
70,00;Bosnia and Herzegovina;2019;70;Bosnia and Herzegovina;BIH;346,00;Bosnia and Herzegovina 2019;BIH19;6,46
70,00;Bosnia and Herzegovina;2021;70;Bosnia and Herzegovina;BIH;346,00;Bosnia and Herzegovina 2021;BIH21;6,25
70,00;Bosnia and Herzegovina;2023;70;Bosnia and Herzegovina;BIH;346,00;Bosnia and Herzegovina 2023;BIH23;6,29
72,00;Botswana;2005;72;Botswana;BWA;571,00;Botswana 2005;BWA05;7,50
72,00;Botswana;2007;72;Botswana;BWA;571,00;Botswana 2007;BWA07;7,43
72,00;Botswana;2009;72;Botswana;BWA;571,00;Botswana 2009;BWA09;7,21
72,00;Botswana;2011;72;Botswana;BWA;571,00;Botswana 2011;BWA11;7,21
72,00;Botswana;2013;72;Botswana;BWA;571,00;Botswana 2013;BWA13;7,46
72,00;Botswana;2015;72;Botswana;BWA;571,00;Botswana 2015;BWA15;7,43
72,00;Botswana;2017;72;Botswana;BWA;571,00;Botswana 2017;BWA17;7,57
72,00;Botswana;2019;72;Botswana;BWA;571,00;Botswana 2019;BWA19;7,64
72,00;Botswana;2021;72;Botswana;BWA;571,00;Botswana 2021;BWA21;6,93
72,00;Botswana;2023;72;Botswana;BWA;571,00;Botswana 2023;BWA23;6,71
76,00;Brazil;2005;76;Brazil;BRA;140,00;Brazil 2005;BRA05;7,79
76,00;Brazil;2007;76;Brazil;BRA;140,00;Brazil 2007;BRA07;7,86
76,00;Brazil;2009;76;Brazil;BRA;140,00;Brazil 2009;BRA09;7,89
76,00;Brazil;2011;76;Brazil;BRA;140,00;Brazil 2011;BRA11;7,96
76,00;Brazil;2013;76;Brazil;BRA;140,00;Brazil 2013;BRA13;7,89
76,00;Brazil;2015;76;Brazil;BRA;140,00;Brazil 2015;BRA15;7,14
76,00;Brazil;2017;76;Brazil;BRA;140,00;Brazil 2017;BRA17;6,93
76,00;Brazil;2019;76;Brazil;BRA;140,00;Brazil 2019;BRA19;6,89
76,00;Brazil;2021;76;Brazil;BRA;140,00;Brazil 2021;BRA21;6,61
76,00;Brazil;2023;76;Brazil;BRA;140,00;Brazil 2023;BRA23;6,61
100,00;Bulgaria;2005;100;Bulgaria;BGR;355,00;Bulgaria 2005;BGR05;7,50
100,00;Bulgaria;2007;100;Bulgaria;BGR;355,00;Bulgaria 2007;BGR07;8,18
100,00;Bulgaria;2009;100;Bulgaria;BGR;355,00;Bulgaria 2009;BGR09;7,96
100,00;Bulgaria;2011;100;Bulgaria;BGR;355,00;Bulgaria 2011;BGR11;7,93
100,00;Bulgaria;2013;100;Bulgaria;BGR;355,00;Bulgaria 2013;BGR13;7,93
100,00;Bulgaria;2015;100;Bulgaria;BGR;355,00;Bulgaria 2015;BGR15;7,68
100,00;Bulgaria;2017;100;Bulgaria;BGR;355,00;Bulgaria 2017;BGR17;7,50
100,00;Bulgaria;2019;100;Bulgaria;BGR;355,00;Bulgaria 2019;BGR19;7,57
100,00;Bulgaria;2021;100;Bulgaria;BGR;355,00;Bulgaria 2021;BGR21;7,57
100,00;Bulgaria;2023;100;Bulgaria;BGR;355,00;Bulgaria 2023;BGR23;7,64
104,00;Myanmar;2005;104;Myanmar;MMR;775,00;Myanmar 2005;MMR05;2,11
104,00;Myanmar;2007;104;Myanmar;MMR;775,00;Myanmar 2007;MMR07;2,21
104,00;Myanmar;2009;104;Myanmar;MMR;775,00;Myanmar 2009;MMR09;1,46
104,00;Myanmar;2011;104;Myanmar;MMR;775,00;Myanmar 2011;MMR11;1,46
104,00;Myanmar;2013;104;Myanmar;MMR;775,00;Myanmar 2013;MMR13;2,14
104,00;Myanmar;2015;104;Myanmar;MMR;775,00;Myanmar 2015;MMR15;2,75
104,00;Myanmar;2017;104;Myanmar;MMR;775,00;Myanmar 2017;MMR17;3,25
104,00;Myanmar;2019;104;Myanmar;MMR;775,00;Myanmar 2019;MMR19;3,25
104,00;Myanmar;2021;104;Myanmar;MMR;775,00;Myanmar 2021;MMR21;3,25
104,00;Myanmar;2023;104;Myanmar;MMR;775,00;Myanmar 2023;MMR23;1,93
108,00;Burundi;2005;108;Burundi;BDI;516,00;Burundi 2005;BDI05;3,54
108,00;Burundi;2007;108;Burundi;BDI;516,00;Burundi 2007;BDI07;3,75
108,00;Burundi;2009;108;Burundi;BDI;516,00;Burundi 2009;BDI09;3,75
108,00;Burundi;2011;108;Burundi;BDI;516,00;Burundi 2011;BDI11;4,04
108,00;Burundi;2013;108;Burundi;BDI;516,00;Burundi 2013;BDI13;4,11
108,00;Burundi;2015;108;Burundi;BDI;516,00;Burundi 2015;BDI15;4,11
108,00;Burundi;2017;108;Burundi;BDI;516,00;Burundi 2017;BDI17;4,14
108,00;Burundi;2019;108;Burundi;BDI;516,00;Burundi 2019;BDI19;3,29
108,00;Burundi;2021;108;Burundi;BDI;516,00;Burundi 2021;BDI21;3,21
108,00;Burundi;2023;108;Burundi;BDI;516,00;Burundi 2023;BDI23;3,54
112,00;Belarus;2005;112;Belarus;BLR;370,00;Belarus 2005;BLR05;4,96
112,00;Belarus;2007;112;Belarus;BLR;370,00;Belarus 2007;BLR07;5,00
112,00;Belarus;2009;112;Belarus;BLR;370,00;Belarus 2009;BLR09;4,96
112,00;Belarus;2011;112;Belarus;BLR;370,00;Belarus 2011;BLR11;4,79
112,00;Belarus;2013;112;Belarus;BLR;370,00;Belarus 2013;BLR13;4,68
112,00;Belarus;2015;112;Belarus;BLR;370,00;Belarus 2015;BLR15;4,61
112,00;Belarus;2017;112;Belarus;BLR;370,00;Belarus 2017;BLR17;5,11
112,00;Belarus;2019;112;Belarus;BLR;370,00;Belarus 2019;BLR19;5,39
112,00;Belarus;2021;112;Belarus;BLR;370,00;Belarus 2021;BLR21;5,25
112,00;Belarus;2023;112;Belarus;BLR;370,00;Belarus 2023;BLR23;5,04
116,00;Cambodia;2005;116;Cambodia;KHM;811,00;Cambodia 2005;KHM05;4,57
116,00;Cambodia;2007;116;Cambodia;KHM;811,00;Cambodia 2007;KHM07;4,82
116,00;Cambodia;2009;116;Cambodia;KHM;811,00;Cambodia 2009;KHM09;4,71
116,00;Cambodia;2011;116;Cambodia;KHM;811,00;Cambodia 2011;KHM11;4,54
116,00;Cambodia;2013;116;Cambodia;KHM;811,00;Cambodia 2013;KHM13;4,46
116,00;Cambodia;2015;116;Cambodia;KHM;811,00;Cambodia 2015;KHM15;4,50
116,00;Cambodia;2017;116;Cambodia;KHM;811,00;Cambodia 2017;KHM17;4,43
116,00;Cambodia;2019;116;Cambodia;KHM;811,00;Cambodia 2019;KHM19;4,71
116,00;Cambodia;2021;116;Cambodia;KHM;811,00;Cambodia 2021;KHM21;4,64
116,00;Cambodia;2023;116;Cambodia;KHM;811,00;Cambodia 2023;KHM23;4,71
120,00;Cameroon;2005;120;Cameroon;CMR;471,00;Cameroon 2005;CMR05;4,54
120,00;Cameroon;2007;120;Cameroon;CMR;471,00;Cameroon 2007;CMR07;4,79
120,00;Cameroon;2009;120;Cameroon;CMR;471,00;Cameroon 2009;CMR09;4,79
120,00;Cameroon;2011;120;Cameroon;CMR;471,00;Cameroon 2011;CMR11;4,57
120,00;Cameroon;2013;120;Cameroon;CMR;471,00;Cameroon 2013;CMR13;4,79
120,00;Cameroon;2015;120;Cameroon;CMR;471,00;Cameroon 2015;CMR15;4,71
120,00;Cameroon;2017;120;Cameroon;CMR;471,00;Cameroon 2017;CMR17;4,54
120,00;Cameroon;2019;120;Cameroon;CMR;471,00;Cameroon 2019;CMR19;4,61
120,00;Cameroon;2021;120;Cameroon;CMR;471,00;Cameroon 2021;CMR21;4,61
120,00;Cameroon;2023;120;Cameroon;CMR;471,00;Cameroon 2023;CMR23;4,61
140,00;Central African Republic (the);2005;140;Central African Republic;CAF;482,00;Central African Republic 2005;CAF05;3,14
140,00;Central African Republic (the);2007;140;Central African Republic;CAF;482,00;Central African Republic 2007;CAF07;3,82
140,00;Central African Republic (the);2009;140;Central African Republic;CAF;482,00;Central African Republic 2009;CAF09;3,46
140,00;Central African Republic (the);2011;140;Central African Republic;CAF;482,00;Central African Republic 2011;CAF11;3,61
140,00;Central African Republic (the);2013;140;Central African Republic;CAF;482,00;Central African Republic 2013;CAF13;3,32
140,00;Central African Republic (the);2015;140;Central African Republic;CAF;482,00;Central African Republic 2015;CAF15;2,57
140,00;Central African Republic (the);2017;140;Central African Republic;CAF;482,00;Central African Republic 2017;CAF17;2,96
140,00;Central African Republic (the);2019;140;Central African Republic;CAF;482,00;Central African Republic 2019;CAF19;3,00
140,00;Central African Republic (the);2021;140;Central African Republic;CAF;482,00;Central African Republic 2021;CAF21;2,82
140,00;Central African Republic (the);2023;140;Central African Republic;CAF;482,00;Central African Republic 2023;CAF23;3,00
144,00;Sri Lanka;2005;144;Sri Lanka;LKA;780,00;Sri Lanka 2005;LKA05;7,25
144,00;Sri Lanka;2007;144;Sri Lanka;LKA;780,00;Sri Lanka 2007;LKA07;6,93
144,00;Sri Lanka;2009;144;Sri Lanka;LKA;780,00;Sri Lanka 2009;LKA09;6,39
144,00;Sri Lanka;2011;144;Sri Lanka;LKA;780,00;Sri Lanka 2011;LKA11;6,82
144,00;Sri Lanka;2013;144;Sri Lanka;LKA;780,00;Sri Lanka 2013;LKA13;6,57
144,00;Sri Lanka;2015;144;Sri Lanka;LKA;780,00;Sri Lanka 2015;LKA15;6,50
144,00;Sri Lanka;2017;144;Sri Lanka;LKA;780,00;Sri Lanka 2017;LKA17;6,68
144,00;Sri Lanka;2019;144;Sri Lanka;LKA;780,00;Sri Lanka 2019;LKA19;6,50
144,00;Sri Lanka;2021;144;Sri Lanka;LKA;780,00;Sri Lanka 2021;LKA21;5,82
144,00;Sri Lanka;2023;144;Sri Lanka;LKA;780,00;Sri Lanka 2023;LKA23;5,11
148,00;Chad;2005;148;Chad;TCD;483,00;Chad 2005;TCD05;4,18
148,00;Chad;2007;148;Chad;TCD;483,00;Chad 2007;TCD07;3,64
148,00;Chad;2009;148;Chad;TCD;483,00;Chad 2009;TCD09;3,18
148,00;Chad;2011;148;Chad;TCD;483,00;Chad 2011;TCD11;3,50
148,00;Chad;2013;148;Chad;TCD;483,00;Chad 2013;TCD13;3,43
148,00;Chad;2015;148;Chad;TCD;483,00;Chad 2015;TCD15;3,50
148,00;Chad;2017;148;Chad;TCD;483,00;Chad 2017;TCD17;3,18
148,00;Chad;2019;148;Chad;TCD;483,00;Chad 2019;TCD19;3,36
148,00;Chad;2021;148;Chad;TCD;483,00;Chad 2021;TCD21;3,14
148,00;Chad;2023;148;Chad;TCD;483,00;Chad 2023;TCD23;3,07
152,00;Chile;2005;152;Chile;CHL;155,00;Chile 2005;CHL05;8,61
152,00;Chile;2007;152;Chile;CHL;155,00;Chile 2007;CHL07;8,68
152,00;Chile;2009;152;Chile;CHL;155,00;Chile 2009;CHL09;8,68
152,00;Chile;2011;152;Chile;CHL;155,00;Chile 2011;CHL11;8,54
152,00;Chile;2013;152;Chile;CHL;155,00;Chile 2013;CHL13;8,54
152,00;Chile;2015;152;Chile;CHL;155,00;Chile 2015;CHL15;8,39
152,00;Chile;2017;152;Chile;CHL;155,00;Chile 2017;CHL17;8,54
152,00;Chile;2019;152;Chile;CHL;155,00;Chile 2019;CHL19;8,43
152,00;Chile;2021;152;Chile;CHL;155,00;Chile 2021;CHL21;8,29
152,00;Chile;2023;152;Chile;CHL;155,00;Chile 2023;CHL23;8,50
156,00;China;2005;156;China;CHN;710,00;China 2005;CHN05;5,79
156,00;China;2007;156;China;CHN;710,00;China 2007;CHN07;6,25
156,00;China;2009;156;China;CHN;710,00;China 2009;CHN09;6,21
156,00;China;2011;156;China;CHN;710,00;China 2011;CHN11;6,57
156,00;China;2013;156;China;CHN;710,00;China 2013;CHN13;6,68
156,00;China;2015;156;China;CHN;710,00;China 2015;CHN15;6,61
156,00;China;2017;156;China;CHN;710,00;China 2017;CHN17;6,75
156,00;China;2019;156;China;CHN;710,00;China 2019;CHN19;6,75
156,00;China;2021;156;China;CHN;710,00;China 2021;CHN21;6,64
156,00;China;2023;156;China;CHN;710,00;China 2023;CHN23;6,32
158,00;Taiwan (Province of China);2005;158;Taiwan;TWN;713,00;Taiwan 2005;TWN05;9,00
158,00;Taiwan (Province of China);2007;158;Taiwan;TWN;713,00;Taiwan 2007;TWN07;9,21
158,00;Taiwan (Province of China);2009;158;Taiwan;TWN;713,00;Taiwan 2009;TWN09;9,29
158,00;Taiwan (Province of China);2011;158;Taiwan;TWN;713,00;Taiwan 2011;TWN11;9,43
158,00;Taiwan (Province of China);2013;158;Taiwan;TWN;713,00;Taiwan 2013;TWN13;9,50
158,00;Taiwan (Province of China);2015;158;Taiwan;TWN;713,00;Taiwan 2015;TWN15;9,50
158,00;Taiwan (Province of China);2017;158;Taiwan;TWN;713,00;Taiwan 2017;TWN17;9,29
158,00;Taiwan (Province of China);2019;158;Taiwan;TWN;713,00;Taiwan 2019;TWN19;9,43
158,00;Taiwan (Province of China);2021;158;Taiwan;TWN;713,00;Taiwan 2021;TWN21;9,36
158,00;Taiwan (Province of China);2023;158;Taiwan;TWN;713,00;Taiwan 2023;TWN23;9,43
170,00;Colombia;2005;170;Colombia;COL;100,00;Colombia 2005;COL05;6,36
170,00;Colombia;2007;170;Colombia;COL;100,00;Colombia 2007;COL07;6,68
170,00;Colombia;2009;170;Colombia;COL;100,00;Colombia 2009;COL09;6,71
170,00;Colombia;2011;170;Colombia;COL;100,00;Colombia 2011;COL11;6,50
170,00;Colombia;2013;170;Colombia;COL;100,00;Colombia 2013;COL13;6,57
170,00;Colombia;2015;170;Colombia;COL;100,00;Colombia 2015;COL15;6,64
170,00;Colombia;2017;170;Colombia;COL;100,00;Colombia 2017;COL17;6,43
170,00;Colombia;2019;170;Colombia;COL;100,00;Colombia 2019;COL19;6,64
170,00;Colombia;2021;170;Colombia;COL;100,00;Colombia 2021;COL21;6,50
170,00;Colombia;2023;170;Colombia;COL;100,00;Colombia 2023;COL23;6,64
178,00;Congo (the);2007;178;Congo;COG;484,00;Congo 2007;COG07;3,93
178,00;Congo (the);2009;178;Congo;COG;484,00;Congo 2009;COG09;3,71
178,00;Congo (the);2011;178;Congo;COG;484,00;Congo 2011;COG11;3,64
178,00;Congo (the);2013;178;Congo;COG;484,00;Congo 2013;COG13;3,79
178,00;Congo (the);2015;178;Congo;COG;484,00;Congo 2015;COG15;3,71
178,00;Congo (the);2017;178;Congo;COG;484,00;Congo 2017;COG17;3,50
178,00;Congo (the);2019;178;Congo;COG;484,00;Congo 2019;COG19;3,43
178,00;Congo (the);2021;178;Congo;COG;484,00;Congo 2021;COG21;3,29
178,00;Congo (the);2023;178;Congo;COG;484,00;Congo 2023;COG23;3,29
180,00;Congo (the Democratic Republic of the);2005;180;Congo, Democratic Republic;COD;490,00;Congo, Democratic Republic 2005;COD05;2,64
180,00;Congo (the Democratic Republic of the);2007;180;Congo, Democratic Republic;COD;490,00;Congo, Democratic Republic 2007;COD07;2,61
180,00;Congo (the Democratic Republic of the);2009;180;Congo, Democratic Republic;COD;490,00;Congo, Democratic Republic 2009;COD09;2,79
180,00;Congo (the Democratic Republic of the);2011;180;Congo, Democratic Republic;COD;490,00;Congo, Democratic Republic 2011;COD11;2,57
180,00;Congo (the Democratic Republic of the);2013;180;Congo, Democratic Republic;COD;490,00;Congo, Democratic Republic 2013;COD13;2,64
180,00;Congo (the Democratic Republic of the);2015;180;Congo, Democratic Republic;COD;490,00;Congo, Democratic Republic 2015;COD15;2,79
180,00;Congo (the Democratic Republic of the);2017;180;Congo, Democratic Republic;COD;490,00;Congo, Democratic Republic 2017;COD17;2,79
180,00;Congo (the Democratic Republic of the);2019;180;Congo, Democratic Republic;COD;490,00;Congo, Democratic Republic 2019;COD19;2,82
180,00;Congo (the Democratic Republic of the);2021;180;Congo, Democratic Republic;COD;490,00;Congo, Democratic Republic 2021;COD21;2,82
180,00;Congo (the Democratic Republic of the);2023;180;Congo, Democratic Republic;COD;490,00;Congo, Democratic Republic 2023;COD23;3,07
188,00;Costa Rica;2005;188;Costa Rica;CRI;94,00;Costa Rica 2005;CRI05;8,00
188,00;Costa Rica;2007;188;Costa Rica;CRI;94,00;Costa Rica 2007;CRI07;7,96
188,00;Costa Rica;2009;188;Costa Rica;CRI;94,00;Costa Rica 2009;CRI09;8,32
188,00;Costa Rica;2011;188;Costa Rica;CRI;94,00;Costa Rica 2011;CRI11;8,29
188,00;Costa Rica;2013;188;Costa Rica;CRI;94,00;Costa Rica 2013;CRI13;8,18
188,00;Costa Rica;2015;188;Costa Rica;CRI;94,00;Costa Rica 2015;CRI15;7,79
188,00;Costa Rica;2017;188;Costa Rica;CRI;94,00;Costa Rica 2017;CRI17;7,93
188,00;Costa Rica;2019;188;Costa Rica;CRI;94,00;Costa Rica 2019;CRI19;7,93
188,00;Costa Rica;2021;188;Costa Rica;CRI;94,00;Costa Rica 2021;CRI21;7,64
188,00;Costa Rica;2023;188;Costa Rica;CRI;94,00;Costa Rica 2023;CRI23;7,86
191,00;Croatia;2005;191;Croatia;HRV;344,00;Croatia 2005;HRV05;8,32
191,00;Croatia;2007;191;Croatia;HRV;344,00;Croatia 2007;HRV07;8,29
191,00;Croatia;2009;191;Croatia;HRV;344,00;Croatia 2009;HRV09;8,11
191,00;Croatia;2011;191;Croatia;HRV;344,00;Croatia 2011;HRV11;8,11
191,00;Croatia;2013;191;Croatia;HRV;344,00;Croatia 2013;HRV13;7,89
191,00;Croatia;2015;191;Croatia;HRV;344,00;Croatia 2015;HRV15;7,46
191,00;Croatia;2017;191;Croatia;HRV;344,00;Croatia 2017;HRV17;7,79
191,00;Croatia;2019;191;Croatia;HRV;344,00;Croatia 2019;HRV19;7,68
191,00;Croatia;2021;191;Croatia;HRV;344,00;Croatia 2021;HRV21;7,96
191,00;Croatia;2023;191;Croatia;HRV;344,00;Croatia 2023;HRV23;8,57
192,00;Cuba;2005;192;Cuba;CUB;40,00;Cuba 2005;CUB05;4,50
192,00;Cuba;2007;192;Cuba;CUB;40,00;Cuba 2007;CUB07;5,32
192,00;Cuba;2009;192;Cuba;CUB;40,00;Cuba 2009;CUB09;5,25
192,00;Cuba;2011;192;Cuba;CUB;40,00;Cuba 2011;CUB11;4,68
192,00;Cuba;2013;192;Cuba;CUB;40,00;Cuba 2013;CUB13;4,64
192,00;Cuba;2015;192;Cuba;CUB;40,00;Cuba 2015;CUB15;4,61
192,00;Cuba;2017;192;Cuba;CUB;40,00;Cuba 2017;CUB17;4,46
192,00;Cuba;2019;192;Cuba;CUB;40,00;Cuba 2019;CUB19;4,00
192,00;Cuba;2021;192;Cuba;CUB;40,00;Cuba 2021;CUB21;3,86
192,00;Cuba;2023;192;Cuba;CUB;40,00;Cuba 2023;CUB23;3,50
203,00;Czechia;2005;203;Czech Republic;CZE;316,00;Czech Republic 2005;CZE05;9,00
203,00;Czechia;2007;203;Czech Republic;CZE;316,00;Czech Republic 2007;CZE07;9,57
203,00;Czechia;2009;203;Czech Republic;CZE;316,00;Czech Republic 2009;CZE09;9,50
203,00;Czechia;2011;203;Czech Republic;CZE;316,00;Czech Republic 2011;CZE11;9,57
203,00;Czechia;2013;203;Czech Republic;CZE;316,00;Czech Republic 2013;CZE13;9,43
203,00;Czechia;2015;203;Czech Republic;CZE;316,00;Czech Republic 2015;CZE15;9,36
203,00;Czechia;2017;203;Czech Republic;CZE;316,00;Czech Republic 2017;CZE17;9,64
203,00;Czechia;2019;203;Czech Republic;CZE;316,00;Czech Republic 2019;CZE19;9,79
203,00;Czechia;2021;203;Czech Republic;CZE;316,00;Czech Republic 2021;CZE21;9,32
203,00;Czechia;2023;203;Czech Republic;CZE;316,00;Czech Republic 2023;CZE23;9,21
204,00;Benin;2005;204;Benin;BEN;434,00;Benin 2005;BEN05;4,93
204,00;Benin;2007;204;Benin;BEN;434,00;Benin 2007;BEN07;4,79
204,00;Benin;2009;204;Benin;BEN;434,00;Benin 2009;BEN09;4,93
204,00;Benin;2011;204;Benin;BEN;434,00;Benin 2011;BEN11;5,18
204,00;Benin;2013;204;Benin;BEN;434,00;Benin 2013;BEN13;5,18
204,00;Benin;2015;204;Benin;BEN;434,00;Benin 2015;BEN15;5,00
204,00;Benin;2017;204;Benin;BEN;434,00;Benin 2017;BEN17;5,00
204,00;Benin;2019;204;Benin;BEN;434,00;Benin 2019;BEN19;5,11
204,00;Benin;2021;204;Benin;BEN;434,00;Benin 2021;BEN21;5,25
204,00;Benin;2023;204;Benin;BEN;434,00;Benin 2023;BEN23;5,46
214,00;Dominican Republic (the);2005;214;Dominican Republic;DOM;42,00;Dominican Republic 2005;DOM05;5,43
214,00;Dominican Republic (the);2007;214;Dominican Republic;DOM;42,00;Dominican Republic 2007;DOM07;6,00
214,00;Dominican Republic (the);2009;214;Dominican Republic;DOM;42,00;Dominican Republic 2009;DOM09;6,00
214,00;Dominican Republic (the);2011;214;Dominican Republic;DOM;42,00;Dominican Republic 2011;DOM11;5,93
214,00;Dominican Republic (the);2013;214;Dominican Republic;DOM;42,00;Dominican Republic 2013;DOM13;5,50
214,00;Dominican Republic (the);2015;214;Dominican Republic;DOM;42,00;Dominican Republic 2015;DOM15;5,79
214,00;Dominican Republic (the);2017;214;Dominican Republic;DOM;42,00;Dominican Republic 2017;DOM17;5,93
214,00;Dominican Republic (the);2019;214;Dominican Republic;DOM;42,00;Dominican Republic 2019;DOM19;5,93
214,00;Dominican Republic (the);2021;214;Dominican Republic;DOM;42,00;Dominican Republic 2021;DOM21;5,79
214,00;Dominican Republic (the);2023;214;Dominican Republic;DOM;42,00;Dominican Republic 2023;DOM23;6,29
218,00;Ecuador;2005;218;Ecuador;ECU;130,00;Ecuador 2005;ECU05;5,11
218,00;Ecuador;2007;218;Ecuador;ECU;130,00;Ecuador 2007;ECU07;5,36
218,00;Ecuador;2009;218;Ecuador;ECU;130,00;Ecuador 2009;ECU09;5,21
218,00;Ecuador;2011;218;Ecuador;ECU;130,00;Ecuador 2011;ECU11;5,07
218,00;Ecuador;2013;218;Ecuador;ECU;130,00;Ecuador 2013;ECU13;5,54
218,00;Ecuador;2015;218;Ecuador;ECU;130,00;Ecuador 2015;ECU15;5,64
218,00;Ecuador;2017;218;Ecuador;ECU;130,00;Ecuador 2017;ECU17;5,54
218,00;Ecuador;2019;218;Ecuador;ECU;130,00;Ecuador 2019;ECU19;5,75
218,00;Ecuador;2021;218;Ecuador;ECU;130,00;Ecuador 2021;ECU21;5,46
218,00;Ecuador;2023;218;Ecuador;ECU;130,00;Ecuador 2023;ECU23;5,68
222,00;El Salvador;2005;222;El Salvador;SLV;92,00;El Salvador 2005;SLV05;6,64
222,00;El Salvador;2007;222;El Salvador;SLV;92,00;El Salvador 2007;SLV07;6,79
222,00;El Salvador;2009;222;El Salvador;SLV;92,00;El Salvador 2009;SLV09;6,93
222,00;El Salvador;2011;222;El Salvador;SLV;92,00;El Salvador 2011;SLV11;7,00
222,00;El Salvador;2013;222;El Salvador;SLV;92,00;El Salvador 2013;SLV13;6,89
222,00;El Salvador;2015;222;El Salvador;SLV;92,00;El Salvador 2015;SLV15;6,50
222,00;El Salvador;2017;222;El Salvador;SLV;92,00;El Salvador 2017;SLV17;6,46
222,00;El Salvador;2019;222;El Salvador;SLV;92,00;El Salvador 2019;SLV19;6,39
222,00;El Salvador;2021;222;El Salvador;SLV;92,00;El Salvador 2021;SLV21;6,21
222,00;El Salvador;2023;222;El Salvador;SLV;92,00;El Salvador 2023;SLV23;6,11
226,00;Equatorial Guinea;2019;226;Equatorial Guinea;GNQ;411,00;Equatorial Guinea 2019;GNQ19;3,21
226,00;Equatorial Guinea;2021;226;Equatorial Guinea;GNQ;411,00;Equatorial Guinea 2021;GNQ21;3,18
226,00;Equatorial Guinea;2023;226;Equatorial Guinea;GNQ;411,00;Equatorial Guinea 2023;GNQ23;3,07
231,00;Ethiopia;2005;231;Ethiopia (1993-);ETH;530,00;Ethiopia (1993-) 2005;ETH05;4,21
231,00;Ethiopia;2007;231;Ethiopia (1993-);ETH;530,00;Ethiopia (1993-) 2007;ETH07;3,79
231,00;Ethiopia;2009;231;Ethiopia (1993-);ETH;530,00;Ethiopia (1993-) 2009;ETH09;4,11
231,00;Ethiopia;2011;231;Ethiopia (1993-);ETH;530,00;Ethiopia (1993-) 2011;ETH11;3,96
231,00;Ethiopia;2013;231;Ethiopia (1993-);ETH;530,00;Ethiopia (1993-) 2013;ETH13;4,07
231,00;Ethiopia;2015;231;Ethiopia (1993-);ETH;530,00;Ethiopia (1993-) 2015;ETH15;3,86
231,00;Ethiopia;2017;231;Ethiopia (1993-);ETH;530,00;Ethiopia (1993-) 2017;ETH17;3,64
231,00;Ethiopia;2019;231;Ethiopia (1993-);ETH;530,00;Ethiopia (1993-) 2019;ETH19;3,64
231,00;Ethiopia;2021;231;Ethiopia (1993-);ETH;530,00;Ethiopia (1993-) 2021;ETH21;3,36
231,00;Ethiopia;2023;231;Ethiopia (1993-);ETH;530,00;Ethiopia (1993-) 2023;ETH23;3,82
232,00;Eritrea;2005;232;Eritrea;ERI;531,00;Eritrea 2005;ERI05;2,57
232,00;Eritrea;2007;232;Eritrea;ERI;531,00;Eritrea 2007;ERI07;2,14
232,00;Eritrea;2009;232;Eritrea;ERI;531,00;Eritrea 2009;ERI09;2,68
232,00;Eritrea;2011;232;Eritrea;ERI;531,00;Eritrea 2011;ERI11;1,50
232,00;Eritrea;2013;232;Eritrea;ERI;531,00;Eritrea 2013;ERI13;1,43
232,00;Eritrea;2015;232;Eritrea;ERI;531,00;Eritrea 2015;ERI15;1,36
232,00;Eritrea;2017;232;Eritrea;ERI;531,00;Eritrea 2017;ERI17;1,57
232,00;Eritrea;2019;232;Eritrea;ERI;531,00;Eritrea 2019;ERI19;1,29
232,00;Eritrea;2021;232;Eritrea;ERI;531,00;Eritrea 2021;ERI21;1,25
232,00;Eritrea;2023;232;Eritrea;ERI;531,00;Eritrea 2023;ERI23;1,21
233,00;Estonia;2005;233;Estonia;EST;366,00;Estonia 2005;EST05;9,18
233,00;Estonia;2007;233;Estonia;EST;366,00;Estonia 2007;EST07;9,29
233,00;Estonia;2009;233;Estonia;EST;366,00;Estonia 2009;EST09;9,07
233,00;Estonia;2011;233;Estonia;EST;366,00;Estonia 2011;EST11;9,00
233,00;Estonia;2013;233;Estonia;EST;366,00;Estonia 2013;EST13;9,14
233,00;Estonia;2015;233;Estonia;EST;366,00;Estonia 2015;EST15;9,29
233,00;Estonia;2017;233;Estonia;EST;366,00;Estonia 2017;EST17;9,29
233,00;Estonia;2019;233;Estonia;EST;366,00;Estonia 2019;EST19;9,29
233,00;Estonia;2021;233;Estonia;EST;366,00;Estonia 2021;EST21;9,29
233,00;Estonia;2023;233;Estonia;EST;366,00;Estonia 2023;EST23;9,29
262,00;Djibouti;2019;262;Djibouti;DJI;522,00;Djibouti 2019;DJI19;4,54
262,00;Djibouti;2021;262;Djibouti;DJI;522,00;Djibouti 2021;DJI21;4,57
262,00;Djibouti;2023;262;Djibouti;DJI;522,00;Djibouti 2023;DJI23;4,25
266,00;Gabon;2019;266;Gabon;GAB;481,00;Gabon 2019;GAB19;5,07
266,00;Gabon;2021;266;Gabon;GAB;481,00;Gabon 2021;GAB21;5,00
266,00;Gabon;2023;266;Gabon;GAB;481,00;Gabon 2023;GAB23;5,36
268,00;Georgia;2005;268;Georgia;GEO;372,00;Georgia 2005;GEO05;5,36
268,00;Georgia;2007;268;Georgia;GEO;372,00;Georgia 2007;GEO07;6,36
268,00;Georgia;2009;268;Georgia;GEO;372,00;Georgia 2009;GEO09;6,00
268,00;Georgia;2011;268;Georgia;GEO;372,00;Georgia 2011;GEO11;5,61
268,00;Georgia;2013;268;Georgia;GEO;372,00;Georgia 2013;GEO13;5,82
268,00;Georgia;2015;268;Georgia;GEO;372,00;Georgia 2015;GEO15;5,93
268,00;Georgia;2017;268;Georgia;GEO;372,00;Georgia 2017;GEO17;6,04
268,00;Georgia;2019;268;Georgia;GEO;372,00;Georgia 2019;GEO19;6,18
268,00;Georgia;2021;268;Georgia;GEO;372,00;Georgia 2021;GEO21;5,89
268,00;Georgia;2023;268;Georgia;GEO;372,00;Georgia 2023;GEO23;5,93
270,00;Gambia (the);2019;270;Gambia;GMB;420,00;Gambia 2019;GMB19;4,79
270,00;Gambia (the);2021;270;Gambia;GMB;420,00;Gambia 2021;GMB21;4,89
270,00;Gambia (the);2023;270;Gambia;GMB;420,00;Gambia 2023;GMB23;5,14
288,00;Ghana;2005;288;Ghana;GHA;452,00;Ghana 2005;GHA05;6,07
288,00;Ghana;2007;288;Ghana;GHA;452,00;Ghana 2007;GHA07;6,50
288,00;Ghana;2009;288;Ghana;GHA;452,00;Ghana 2009;GHA09;6,50
288,00;Ghana;2011;288;Ghana;GHA;452,00;Ghana 2011;GHA11;6,54
288,00;Ghana;2013;288;Ghana;GHA;452,00;Ghana 2013;GHA13;6,43
288,00;Ghana;2015;288;Ghana;GHA;452,00;Ghana 2015;GHA15;5,86
288,00;Ghana;2017;288;Ghana;GHA;452,00;Ghana 2017;GHA17;5,61
288,00;Ghana;2019;288;Ghana;GHA;452,00;Ghana 2019;GHA19;5,57
288,00;Ghana;2021;288;Ghana;GHA;452,00;Ghana 2021;GHA21;5,57
288,00;Ghana;2023;288;Ghana;GHA;452,00;Ghana 2023;GHA23;5,21
320,00;Guatemala;2005;320;Guatemala;GTM;90,00;Guatemala 2005;GTM05;4,89
320,00;Guatemala;2007;320;Guatemala;GTM;90,00;Guatemala 2007;GTM07;4,96
320,00;Guatemala;2009;320;Guatemala;GTM;90,00;Guatemala 2009;GTM09;5,25
320,00;Guatemala;2011;320;Guatemala;GTM;90,00;Guatemala 2011;GTM11;5,18
320,00;Guatemala;2013;320;Guatemala;GTM;90,00;Guatemala 2013;GTM13;5,11
320,00;Guatemala;2015;320;Guatemala;GTM;90,00;Guatemala 2015;GTM15;5,11
320,00;Guatemala;2017;320;Guatemala;GTM;90,00;Guatemala 2017;GTM17;5,11
320,00;Guatemala;2019;320;Guatemala;GTM;90,00;Guatemala 2019;GTM19;4,89
320,00;Guatemala;2021;320;Guatemala;GTM;90,00;Guatemala 2021;GTM21;4,89
320,00;Guatemala;2023;320;Guatemala;GTM;90,00;Guatemala 2023;GTM23;5,04
324,00;Guinea;2005;324;Guinea;GIN;438,00;Guinea 2005;GIN05;4,11
324,00;Guinea;2007;324;Guinea;GIN;438,00;Guinea 2007;GIN07;3,46
324,00;Guinea;2009;324;Guinea;GIN;438,00;Guinea 2009;GIN09;3,29
324,00;Guinea;2011;324;Guinea;GIN;438,00;Guinea 2011;GIN11;3,46
324,00;Guinea;2013;324;Guinea;GIN;438,00;Guinea 2013;GIN13;4,21
324,00;Guinea;2015;324;Guinea;GIN;438,00;Guinea 2015;GIN15;4,36
324,00;Guinea;2017;324;Guinea;GIN;438,00;Guinea 2017;GIN17;4,50
324,00;Guinea;2019;324;Guinea;GIN;438,00;Guinea 2019;GIN19;4,71
324,00;Guinea;2021;324;Guinea;GIN;438,00;Guinea 2021;GIN21;4,36
324,00;Guinea;2023;324;Guinea;GIN;438,00;Guinea 2023;GIN23;4,21
332,00;Haiti;2005;332;Haiti;HTI;41,00;Haiti 2005;HTI05;3,21
332,00;Haiti;2007;332;Haiti;HTI;41,00;Haiti 2007;HTI07;3,75
332,00;Haiti;2009;332;Haiti;HTI;41,00;Haiti 2009;HTI09;3,89
332,00;Haiti;2011;332;Haiti;HTI;41,00;Haiti 2011;HTI11;3,14
332,00;Haiti;2013;332;Haiti;HTI;41,00;Haiti 2013;HTI13;3,25
332,00;Haiti;2015;332;Haiti;HTI;41,00;Haiti 2015;HTI15;3,18
332,00;Haiti;2017;332;Haiti;HTI;41,00;Haiti 2017;HTI17;2,89
332,00;Haiti;2019;332;Haiti;HTI;41,00;Haiti 2019;HTI19;2,96
332,00;Haiti;2021;332;Haiti;HTI;41,00;Haiti 2021;HTI21;2,82
332,00;Haiti;2023;332;Haiti;HTI;41,00;Haiti 2023;HTI23;2,46
340,00;Honduras;2005;340;Honduras;HND;91,00;Honduras 2005;HND05;5,29
340,00;Honduras;2007;340;Honduras;HND;91,00;Honduras 2007;HND07;5,54
340,00;Honduras;2009;340;Honduras;HND;91,00;Honduras 2009;HND09;5,21
340,00;Honduras;2011;340;Honduras;HND;91,00;Honduras 2011;HND11;5,54
340,00;Honduras;2013;340;Honduras;HND;91,00;Honduras 2013;HND13;5,25
340,00;Honduras;2015;340;Honduras;HND;91,00;Honduras 2015;HND15;5,32
340,00;Honduras;2017;340;Honduras;HND;91,00;Honduras 2017;HND17;5,21
340,00;Honduras;2019;340;Honduras;HND;91,00;Honduras 2019;HND19;5,21
340,00;Honduras;2021;340;Honduras;HND;91,00;Honduras 2021;HND21;5,00
340,00;Honduras;2023;340;Honduras;HND;91,00;Honduras 2023;HND23;5,07
348,00;Hungary;2005;348;Hungary;HUN;310,00;Hungary 2005;HUN05;8,93
348,00;Hungary;2007;348;Hungary;HUN;310,00;Hungary 2007;HUN07;9,00
348,00;Hungary;2009;348;Hungary;HUN;310,00;Hungary 2009;HUN09;8,75
348,00;Hungary;2011;348;Hungary;HUN;310,00;Hungary 2011;HUN11;8,61
348,00;Hungary;2013;348;Hungary;HUN;310,00;Hungary 2013;HUN13;8,14
348,00;Hungary;2015;348;Hungary;HUN;310,00;Hungary 2015;HUN15;7,79
348,00;Hungary;2017;348;Hungary;HUN;310,00;Hungary 2017;HUN17;7,71
348,00;Hungary;2019;348;Hungary;HUN;310,00;Hungary 2019;HUN19;7,18
348,00;Hungary;2021;348;Hungary;HUN;310,00;Hungary 2021;HUN21;6,89
348,00;Hungary;2023;348;Hungary;HUN;310,00;Hungary 2023;HUN23;6,82
356,00;India;2005;356;India;IND;750,00;India 2005;IND05;6,46
356,00;India;2007;356;India;IND;750,00;India 2007;IND07;6,61
356,00;India;2009;356;India;IND;750,00;India 2009;IND09;6,46
356,00;India;2011;356;India;IND;750,00;India 2011;IND11;6,54
356,00;India;2013;356;India;IND;750,00;India 2013;IND13;6,29
356,00;India;2015;356;India;IND;750,00;India 2015;IND15;6,18
356,00;India;2017;356;India;IND;750,00;India 2017;IND17;6,32
356,00;India;2019;356;India;IND;750,00;India 2019;IND19;6,14
356,00;India;2021;356;India;IND;750,00;India 2021;IND21;5,46
356,00;India;2023;356;India;IND;750,00;India 2023;IND23;5,57
360,00;Indonesia;2005;360;Indonesia;IDN;850,00;Indonesia 2005;IDN05;5,79
360,00;Indonesia;2007;360;Indonesia;IDN;850,00;Indonesia 2007;IDN07;5,89
360,00;Indonesia;2009;360;Indonesia;IDN;850,00;Indonesia 2009;IDN09;5,79
360,00;Indonesia;2011;360;Indonesia;IDN;850,00;Indonesia 2011;IDN11;6,21
360,00;Indonesia;2013;360;Indonesia;IDN;850,00;Indonesia 2013;IDN13;6,29
360,00;Indonesia;2015;360;Indonesia;IDN;850,00;Indonesia 2015;IDN15;6,04
360,00;Indonesia;2017;360;Indonesia;IDN;850,00;Indonesia 2017;IDN17;6,00
360,00;Indonesia;2019;360;Indonesia;IDN;850,00;Indonesia 2019;IDN19;6,11
360,00;Indonesia;2021;360;Indonesia;IDN;850,00;Indonesia 2021;IDN21;5,93
360,00;Indonesia;2023;360;Indonesia;IDN;850,00;Indonesia 2023;IDN23;6,07
364,00;Iran (Islamic Republic of);2005;364;Iran;IRN;630,00;Iran 2005;IRN05;4,21
364,00;Iran (Islamic Republic of);2007;364;Iran;IRN;630,00;Iran 2007;IRN07;4,18
364,00;Iran (Islamic Republic of);2009;364;Iran;IRN;630,00;Iran 2009;IRN09;3,86
364,00;Iran (Islamic Republic of);2011;364;Iran;IRN;630,00;Iran 2011;IRN11;4,04
364,00;Iran (Islamic Republic of);2013;364;Iran;IRN;630,00;Iran 2013;IRN13;3,00
364,00;Iran (Islamic Republic of);2015;364;Iran;IRN;630,00;Iran 2015;IRN15;3,00
364,00;Iran (Islamic Republic of);2017;364;Iran;IRN;630,00;Iran 2017;IRN17;3,39
364,00;Iran (Islamic Republic of);2019;364;Iran;IRN;630,00;Iran 2019;IRN19;2,79
364,00;Iran (Islamic Republic of);2021;364;Iran;IRN;630,00;Iran 2021;IRN21;2,79
364,00;Iran (Islamic Republic of);2023;364;Iran;IRN;630,00;Iran 2023;IRN23;2,36
368,00;Iraq;2005;368;Iraq;IRQ;645,00;Iraq 2005;IRQ05;2,89
368,00;Iraq;2007;368;Iraq;IRQ;645,00;Iraq 2007;IRQ07;3,25
368,00;Iraq;2009;368;Iraq;IRQ;645,00;Iraq 2009;IRQ09;3,68
368,00;Iraq;2011;368;Iraq;IRQ;645,00;Iraq 2011;IRQ11;4,04
368,00;Iraq;2013;368;Iraq;IRQ;645,00;Iraq 2013;IRQ13;4,04
368,00;Iraq;2015;368;Iraq;IRQ;645,00;Iraq 2015;IRQ15;3,61
368,00;Iraq;2017;368;Iraq;IRQ;645,00;Iraq 2017;IRQ17;3,89
368,00;Iraq;2019;368;Iraq;IRQ;645,00;Iraq 2019;IRQ19;4,11
368,00;Iraq;2021;368;Iraq;IRQ;645,00;Iraq 2021;IRQ21;3,46
368,00;Iraq;2023;368;Iraq;IRQ;645,00;Iraq 2023;IRQ23;3,71
384,00;Cote d'Ivoire;2005;384;Cote d'Ivoire;CIV;437,00;Cote d'Ivoire 2005;CIV05;3,43
384,00;Cote d'Ivoire;2007;384;Cote d'Ivoire;CIV;437,00;Cote d'Ivoire 2007;CIV07;3,54
384,00;Cote d'Ivoire;2009;384;Cote d'Ivoire;CIV;437,00;Cote d'Ivoire 2009;CIV09;3,86
384,00;Cote d'Ivoire;2011;384;Cote d'Ivoire;CIV;437,00;Cote d'Ivoire 2011;CIV11;3,64
384,00;Cote d'Ivoire;2013;384;Cote d'Ivoire;CIV;437,00;Cote d'Ivoire 2013;CIV13;4,18
384,00;Cote d'Ivoire;2015;384;Cote d'Ivoire;CIV;437,00;Cote d'Ivoire 2015;CIV15;4,68
384,00;Cote d'Ivoire;2017;384;Cote d'Ivoire;CIV;437,00;Cote d'Ivoire 2017;CIV17;4,96
384,00;Cote d'Ivoire;2019;384;Cote d'Ivoire;CIV;437,00;Cote d'Ivoire 2019;CIV19;5,18
384,00;Cote d'Ivoire;2021;384;Cote d'Ivoire;CIV;437,00;Cote d'Ivoire 2021;CIV21;5,11
384,00;Cote d'Ivoire;2023;384;Cote d'Ivoire;CIV;437,00;Cote d'Ivoire 2023;CIV23;5,21
388,00;Jamaica;2005;388;Jamaica;JAM;51,00;Jamaica 2005;JAM05;6,46
388,00;Jamaica;2007;388;Jamaica;JAM;51,00;Jamaica 2007;JAM07;6,75
388,00;Jamaica;2009;388;Jamaica;JAM;51,00;Jamaica 2009;JAM09;6,64
388,00;Jamaica;2011;388;Jamaica;JAM;51,00;Jamaica 2011;JAM11;6,29
388,00;Jamaica;2013;388;Jamaica;JAM;51,00;Jamaica 2013;JAM13;5,89
388,00;Jamaica;2015;388;Jamaica;JAM;51,00;Jamaica 2015;JAM15;6,11
388,00;Jamaica;2017;388;Jamaica;JAM;51,00;Jamaica 2017;JAM17;6,32
388,00;Jamaica;2019;388;Jamaica;JAM;51,00;Jamaica 2019;JAM19;6,32
388,00;Jamaica;2021;388;Jamaica;JAM;51,00;Jamaica 2021;JAM21;6,18
388,00;Jamaica;2023;388;Jamaica;JAM;51,00;Jamaica 2023;JAM23;6,14
398,00;Kazakhstan;2005;398;Kazakhstan;KAZ;705,00;Kazakhstan 2005;KAZ05;6,79
398,00;Kazakhstan;2007;398;Kazakhstan;KAZ;705,00;Kazakhstan 2007;KAZ07;6,82
398,00;Kazakhstan;2009;398;Kazakhstan;KAZ;705,00;Kazakhstan 2009;KAZ09;6,32
398,00;Kazakhstan;2011;398;Kazakhstan;KAZ;705,00;Kazakhstan 2011;KAZ11;6,25
398,00;Kazakhstan;2013;398;Kazakhstan;KAZ;705,00;Kazakhstan 2013;KAZ13;6,25
398,00;Kazakhstan;2015;398;Kazakhstan;KAZ;705,00;Kazakhstan 2015;KAZ15;6,04
398,00;Kazakhstan;2017;398;Kazakhstan;KAZ;705,00;Kazakhstan 2017;KAZ17;5,61
398,00;Kazakhstan;2019;398;Kazakhstan;KAZ;705,00;Kazakhstan 2019;KAZ19;6,04
398,00;Kazakhstan;2021;398;Kazakhstan;KAZ;705,00;Kazakhstan 2021;KAZ21;6,04
398,00;Kazakhstan;2023;398;Kazakhstan;KAZ;705,00;Kazakhstan 2023;KAZ23;6,14
400,00;Jordan;2005;400;Jordan;JOR;663,00;Jordan 2005;JOR05;6,14
400,00;Jordan;2007;400;Jordan;JOR;663,00;Jordan 2007;JOR07;6,25
400,00;Jordan;2009;400;Jordan;JOR;663,00;Jordan 2009;JOR09;6,29
400,00;Jordan;2011;400;Jordan;JOR;663,00;Jordan 2011;JOR11;6,14
400,00;Jordan;2013;400;Jordan;JOR;663,00;Jordan 2013;JOR13;6,07
400,00;Jordan;2015;400;Jordan;JOR;663,00;Jordan 2015;JOR15;6,14
400,00;Jordan;2017;400;Jordan;JOR;663,00;Jordan 2017;JOR17;6,07
400,00;Jordan;2019;400;Jordan;JOR;663,00;Jordan 2019;JOR19;5,96
400,00;Jordan;2021;400;Jordan;JOR;663,00;Jordan 2021;JOR21;5,75
400,00;Jordan;2023;400;Jordan;JOR;663,00;Jordan 2023;JOR23;5,71
404,00;Kenya;2005;404;Kenya;KEN;501,00;Kenya 2005;KEN05;5,11
404,00;Kenya;2007;404;Kenya;KEN;501,00;Kenya 2007;KEN07;4,79
404,00;Kenya;2009;404;Kenya;KEN;501,00;Kenya 2009;KEN09;4,25
404,00;Kenya;2011;404;Kenya;KEN;501,00;Kenya 2011;KEN11;4,79
404,00;Kenya;2013;404;Kenya;KEN;501,00;Kenya 2013;KEN13;4,96
404,00;Kenya;2015;404;Kenya;KEN;501,00;Kenya 2015;KEN15;5,36
404,00;Kenya;2017;404;Kenya;KEN;501,00;Kenya 2017;KEN17;5,36
404,00;Kenya;2019;404;Kenya;KEN;501,00;Kenya 2019;KEN19;5,46
404,00;Kenya;2021;404;Kenya;KEN;501,00;Kenya 2021;KEN21;5,75
404,00;Kenya;2023;404;Kenya;KEN;501,00;Kenya 2023;KEN23;5,82
408,00;Korea (the Democratic People's Republic of);2005;408;Korea, North;PRK;731,00;Korea, North 2005;PRK05;2,64
408,00;Korea (the Democratic People's Republic of);2007;408;Korea, North;PRK;731,00;Korea, North 2007;PRK07;2,21
408,00;Korea (the Democratic People's Republic of);2009;408;Korea, North;PRK;731,00;Korea, North 2009;PRK09;1,93
408,00;Korea (the Democratic People's Republic of);2011;408;Korea, North;PRK;731,00;Korea, North 2011;PRK11;1,39
408,00;Korea (the Democratic People's Republic of);2013;408;Korea, North;PRK;731,00;Korea, North 2013;PRK13;1,36
408,00;Korea (the Democratic People's Republic of);2015;408;Korea, North;PRK;731,00;Korea, North 2015;PRK15;1,68
408,00;Korea (the Democratic People's Republic of);2017;408;Korea, North;PRK;731,00;Korea, North 2017;PRK17;1,71
408,00;Korea (the Democratic People's Republic of);2019;408;Korea, North;PRK;731,00;Korea, North 2019;PRK19;1,57
408,00;Korea (the Democratic People's Republic of);2021;408;Korea, North;PRK;731,00;Korea, North 2021;PRK21;1,54
408,00;Korea (the Democratic People's Republic of);2023;408;Korea, North;PRK;731,00;Korea, North 2023;PRK23;1,54
410,00;Korea (the Republic of);2005;410;Korea, South;KOR;732,00;Korea, South 2005;KOR05;9,07
410,00;Korea (the Republic of);2007;410;Korea, South;KOR;732,00;Korea, South 2007;KOR07;8,93
410,00;Korea (the Republic of);2009;410;Korea, South;KOR;732,00;Korea, South 2009;KOR09;8,54
410,00;Korea (the Republic of);2011;410;Korea, South;KOR;732,00;Korea, South 2011;KOR11;8,75
410,00;Korea (the Republic of);2013;410;Korea, South;KOR;732,00;Korea, South 2013;KOR13;8,71
410,00;Korea (the Republic of);2015;410;Korea, South;KOR;732,00;Korea, South 2015;KOR15;8,64
410,00;Korea (the Republic of);2017;410;Korea, South;KOR;732,00;Korea, South 2017;KOR17;8,64
410,00;Korea (the Republic of);2019;410;Korea, South;KOR;732,00;Korea, South 2019;KOR19;8,71
410,00;Korea (the Republic of);2021;410;Korea, South;KOR;732,00;Korea, South 2021;KOR21;8,43
410,00;Korea (the Republic of);2023;410;Korea, South;KOR;732,00;Korea, South 2023;KOR23;8,57
414,00;Kuwait;2007;414;Kuwait;KWT;690,00;Kuwait 2007;KWT07;6,32
414,00;Kuwait;2009;414;Kuwait;KWT;690,00;Kuwait 2009;KWT09;7,14
414,00;Kuwait;2011;414;Kuwait;KWT;690,00;Kuwait 2011;KWT11;7,14
414,00;Kuwait;2013;414;Kuwait;KWT;690,00;Kuwait 2013;KWT13;7,21
414,00;Kuwait;2015;414;Kuwait;KWT;690,00;Kuwait 2015;KWT15;7,32
414,00;Kuwait;2017;414;Kuwait;KWT;690,00;Kuwait 2017;KWT17;6,71
414,00;Kuwait;2019;414;Kuwait;KWT;690,00;Kuwait 2019;KWT19;7,18
414,00;Kuwait;2021;414;Kuwait;KWT;690,00;Kuwait 2021;KWT21;6,93
414,00;Kuwait;2023;414;Kuwait;KWT;690,00;Kuwait 2023;KWT23;7,00
417,00;Kyrgyzstan;2005;417;Kyrgyzstan;KGZ;703,00;Kyrgyzstan 2005;KGZ05;5,43
417,00;Kyrgyzstan;2007;417;Kyrgyzstan;KGZ;703,00;Kyrgyzstan 2007;KGZ07;5,64
417,00;Kyrgyzstan;2009;417;Kyrgyzstan;KGZ;703,00;Kyrgyzstan 2009;KGZ09;5,54
417,00;Kyrgyzstan;2011;417;Kyrgyzstan;KGZ;703,00;Kyrgyzstan 2011;KGZ11;5,21
417,00;Kyrgyzstan;2013;417;Kyrgyzstan;KGZ;703,00;Kyrgyzstan 2013;KGZ13;5,43
417,00;Kyrgyzstan;2015;417;Kyrgyzstan;KGZ;703,00;Kyrgyzstan 2015;KGZ15;5,46
417,00;Kyrgyzstan;2017;417;Kyrgyzstan;KGZ;703,00;Kyrgyzstan 2017;KGZ17;5,64
417,00;Kyrgyzstan;2019;417;Kyrgyzstan;KGZ;703,00;Kyrgyzstan 2019;KGZ19;5,64
417,00;Kyrgyzstan;2021;417;Kyrgyzstan;KGZ;703,00;Kyrgyzstan 2021;KGZ21;5,43
417,00;Kyrgyzstan;2023;417;Kyrgyzstan;KGZ;703,00;Kyrgyzstan 2023;KGZ23;5,39
418,00;Lao People's Democratic Republic (the);2005;418;Laos;LAO;812,00;Laos 2005;LAO05;3,86
418,00;Lao People's Democratic Republic (the);2007;418;Laos;LAO;812,00;Laos 2007;LAO07;4,29
418,00;Lao People's Democratic Republic (the);2009;418;Laos;LAO;812,00;Laos 2009;LAO09;4,29
418,00;Lao People's Democratic Republic (the);2011;418;Laos;LAO;812,00;Laos 2011;LAO11;4,46
418,00;Lao People's Democratic Republic (the);2013;418;Laos;LAO;812,00;Laos 2013;LAO13;4,82
418,00;Lao People's Democratic Republic (the);2015;418;Laos;LAO;812,00;Laos 2015;LAO15;4,75
418,00;Lao People's Democratic Republic (the);2017;418;Laos;LAO;812,00;Laos 2017;LAO17;4,79
418,00;Lao People's Democratic Republic (the);2019;418;Laos;LAO;812,00;Laos 2019;LAO19;4,79
418,00;Lao People's Democratic Republic (the);2021;418;Laos;LAO;812,00;Laos 2021;LAO21;4,29
418,00;Lao People's Democratic Republic (the);2023;418;Laos;LAO;812,00;Laos 2023;LAO23;3,86
422,00;Lebanon;2005;422;Lebanon;LBN;660,00;Lebanon 2005;LBN05;5,82
422,00;Lebanon;2007;422;Lebanon;LBN;660,00;Lebanon 2007;LBN07;6,07
422,00;Lebanon;2009;422;Lebanon;LBN;660,00;Lebanon 2009;LBN09;6,18
422,00;Lebanon;2011;422;Lebanon;LBN;660,00;Lebanon 2011;LBN11;6,32
422,00;Lebanon;2013;422;Lebanon;LBN;660,00;Lebanon 2013;LBN13;6,00
422,00;Lebanon;2015;422;Lebanon;LBN;660,00;Lebanon 2015;LBN15;5,79
422,00;Lebanon;2017;422;Lebanon;LBN;660,00;Lebanon 2017;LBN17;5,43
422,00;Lebanon;2019;422;Lebanon;LBN;660,00;Lebanon 2019;LBN19;5,43
422,00;Lebanon;2021;422;Lebanon;LBN;660,00;Lebanon 2021;LBN21;4,00
422,00;Lebanon;2023;422;Lebanon;LBN;660,00;Lebanon 2023;LBN23;3,64
426,00;Lesotho;2009;426;Lesotho;LSO;570,00;Lesotho 2009;LSO09;5,00
426,00;Lesotho;2011;426;Lesotho;LSO;570,00;Lesotho 2011;LSO11;4,86
426,00;Lesotho;2013;426;Lesotho;LSO;570,00;Lesotho 2013;LSO13;4,71
426,00;Lesotho;2015;426;Lesotho;LSO;570,00;Lesotho 2015;LSO15;5,00
426,00;Lesotho;2017;426;Lesotho;LSO;570,00;Lesotho 2017;LSO17;4,79
426,00;Lesotho;2019;426;Lesotho;LSO;570,00;Lesotho 2019;LSO19;4,61
426,00;Lesotho;2021;426;Lesotho;LSO;570,00;Lesotho 2021;LSO21;4,64
426,00;Lesotho;2023;426;Lesotho;LSO;570,00;Lesotho 2023;LSO23;5,11
428,00;Latvia;2005;428;Latvia;LVA;367,00;Latvia 2005;LVA05;8,11
428,00;Latvia;2007;428;Latvia;LVA;367,00;Latvia 2007;LVA07;8,50
428,00;Latvia;2009;428;Latvia;LVA;367,00;Latvia 2009;LVA09;8,18
428,00;Latvia;2011;428;Latvia;LVA;367,00;Latvia 2011;LVA11;7,82
428,00;Latvia;2013;428;Latvia;LVA;367,00;Latvia 2013;LVA13;8,07
428,00;Latvia;2015;428;Latvia;LVA;367,00;Latvia 2015;LVA15;8,50
428,00;Latvia;2017;428;Latvia;LVA;367,00;Latvia 2017;LVA17;8,61
428,00;Latvia;2019;428;Latvia;LVA;367,00;Latvia 2019;LVA19;8,61
428,00;Latvia;2021;428;Latvia;LVA;367,00;Latvia 2021;LVA21;8,61
428,00;Latvia;2023;428;Latvia;LVA;367,00;Latvia 2023;LVA23;8,61
430,00;Liberia;2005;430;Liberia;LBR;450,00;Liberia 2005;LBR05;2,39
430,00;Liberia;2007;430;Liberia;LBR;450,00;Liberia 2007;LBR07;3,14
430,00;Liberia;2009;430;Liberia;LBR;450,00;Liberia 2009;LBR09;4,00
430,00;Liberia;2011;430;Liberia;LBR;450,00;Liberia 2011;LBR11;4,18
430,00;Liberia;2013;430;Liberia;LBR;450,00;Liberia 2013;LBR13;4,50
430,00;Liberia;2015;430;Liberia;LBR;450,00;Liberia 2015;LBR15;4,54
430,00;Liberia;2017;430;Liberia;LBR;450,00;Liberia 2017;LBR17;4,57
430,00;Liberia;2019;430;Liberia;LBR;450,00;Liberia 2019;LBR19;4,36
430,00;Liberia;2021;430;Liberia;LBR;450,00;Liberia 2021;LBR21;4,11
430,00;Liberia;2023;430;Liberia;LBR;450,00;Liberia 2023;LBR23;4,07
434,00;Libya;2005;434;Libya;LBY;620,00;Libya 2005;LBY05;5,00
434,00;Libya;2007;434;Libya;LBY;620,00;Libya 2007;LBY07;5,50
434,00;Libya;2009;434;Libya;LBY;620,00;Libya 2009;LBY09;5,79
434,00;Libya;2011;434;Libya;LBY;620,00;Libya 2011;LBY11;5,86
434,00;Libya;2013;434;Libya;LBY;620,00;Libya 2013;LBY13;5,11
434,00;Libya;2015;434;Libya;LBY;620,00;Libya 2015;LBY15;2,89
434,00;Libya;2017;434;Libya;LBY;620,00;Libya 2017;LBY17;2,64
434,00;Libya;2019;434;Libya;LBY;620,00;Libya 2019;LBY19;2,61
434,00;Libya;2021;434;Libya;LBY;620,00;Libya 2021;LBY21;2,46
434,00;Libya;2023;434;Libya;LBY;620,00;Libya 2023;LBY23;2,32
440,00;Lithuania;2005;440;Lithuania;LTU;368,00;Lithuania 2005;LTU05;8,79
440,00;Lithuania;2007;440;Lithuania;LTU;368,00;Lithuania 2007;LTU07;8,96
440,00;Lithuania;2009;440;Lithuania;LTU;368,00;Lithuania 2009;LTU09;8,79
440,00;Lithuania;2011;440;Lithuania;LTU;368,00;Lithuania 2011;LTU11;8,71
440,00;Lithuania;2013;440;Lithuania;LTU;368,00;Lithuania 2013;LTU13;8,71
440,00;Lithuania;2015;440;Lithuania;LTU;368,00;Lithuania 2015;LTU15;9,00
440,00;Lithuania;2017;440;Lithuania;LTU;368,00;Lithuania 2017;LTU17;9,04
440,00;Lithuania;2019;440;Lithuania;LTU;368,00;Lithuania 2019;LTU19;9,11
440,00;Lithuania;2021;440;Lithuania;LTU;368,00;Lithuania 2021;LTU21;9,04
440,00;Lithuania;2023;440;Lithuania;LTU;368,00;Lithuania 2023;LTU23;9,07
450,00;Madagascar;2005;450;Madagascar;MDG;580,00;Madagascar 2005;MDG05;5,39
450,00;Madagascar;2007;450;Madagascar;MDG;580,00;Madagascar 2007;MDG07;5,00
450,00;Madagascar;2009;450;Madagascar;MDG;580,00;Madagascar 2009;MDG09;4,61
450,00;Madagascar;2011;450;Madagascar;MDG;580,00;Madagascar 2011;MDG11;4,32
450,00;Madagascar;2013;450;Madagascar;MDG;580,00;Madagascar 2013;MDG13;4,18
450,00;Madagascar;2015;450;Madagascar;MDG;580,00;Madagascar 2015;MDG15;4,54
450,00;Madagascar;2017;450;Madagascar;MDG;580,00;Madagascar 2017;MDG17;4,68
450,00;Madagascar;2019;450;Madagascar;MDG;580,00;Madagascar 2019;MDG19;4,68
450,00;Madagascar;2021;450;Madagascar;MDG;580,00;Madagascar 2021;MDG21;4,43
450,00;Madagascar;2023;450;Madagascar;MDG;580,00;Madagascar 2023;MDG23;4,43
454,00;Malawi;2005;454;Malawi;MWI;553,00;Malawi 2005;MWI05;3,54
454,00;Malawi;2007;454;Malawi;MWI;553,00;Malawi 2007;MWI07;4,11
454,00;Malawi;2009;454;Malawi;MWI;553,00;Malawi 2009;MWI09;4,71
454,00;Malawi;2011;454;Malawi;MWI;553,00;Malawi 2011;MWI11;4,89
454,00;Malawi;2013;454;Malawi;MWI;553,00;Malawi 2013;MWI13;4,89
454,00;Malawi;2015;454;Malawi;MWI;553,00;Malawi 2015;MWI15;4,61
454,00;Malawi;2017;454;Malawi;MWI;553,00;Malawi 2017;MWI17;4,54
454,00;Malawi;2019;454;Malawi;MWI;553,00;Malawi 2019;MWI19;4,46
454,00;Malawi;2021;454;Malawi;MWI;553,00;Malawi 2021;MWI21;4,39
454,00;Malawi;2023;454;Malawi;MWI;553,00;Malawi 2023;MWI23;4,43
458,00;Malaysia;2005;458;Malaysia (1966-);MYS;820,00;Malaysia (1966-) 2005;MYS05;7,11
458,00;Malaysia;2007;458;Malaysia (1966-);MYS;820,00;Malaysia (1966-) 2007;MYS07;7,39
458,00;Malaysia;2009;458;Malaysia (1966-);MYS;820,00;Malaysia (1966-) 2009;MYS09;7,07
458,00;Malaysia;2011;458;Malaysia (1966-);MYS;820,00;Malaysia (1966-) 2011;MYS11;7,25
458,00;Malaysia;2013;458;Malaysia (1966-);MYS;820,00;Malaysia (1966-) 2013;MYS13;7,46
458,00;Malaysia;2015;458;Malaysia (1966-);MYS;820,00;Malaysia (1966-) 2015;MYS15;7,43
458,00;Malaysia;2017;458;Malaysia (1966-);MYS;820,00;Malaysia (1966-) 2017;MYS17;7,21
458,00;Malaysia;2019;458;Malaysia (1966-);MYS;820,00;Malaysia (1966-) 2019;MYS19;7,29
458,00;Malaysia;2021;458;Malaysia (1966-);MYS;820,00;Malaysia (1966-) 2021;MYS21;7,18
458,00;Malaysia;2023;458;Malaysia (1966-);MYS;820,00;Malaysia (1966-) 2023;MYS23;7,07
466,00;Mali;2005;466;Mali;MLI;432,00;Mali 2005;MLI05;4,86
466,00;Mali;2007;466;Mali;MLI;432,00;Mali 2007;MLI07;5,07
466,00;Mali;2009;466;Mali;MLI;432,00;Mali 2009;MLI09;4,71
466,00;Mali;2011;466;Mali;MLI;432,00;Mali 2011;MLI11;5,04
466,00;Mali;2013;466;Mali;MLI;432,00;Mali 2013;MLI13;3,93
466,00;Mali;2015;466;Mali;MLI;432,00;Mali 2015;MLI15;4,50
466,00;Mali;2017;466;Mali;MLI;432,00;Mali 2017;MLI17;4,32
466,00;Mali;2019;466;Mali;MLI;432,00;Mali 2019;MLI19;4,32
466,00;Mali;2021;466;Mali;MLI;432,00;Mali 2021;MLI21;4,32
466,00;Mali;2023;466;Mali;MLI;432,00;Mali 2023;MLI23;4,11
478,00;Mauritania;2007;478;Mauritania;MRT;435,00;Mauritania 2007;MRT07;4,36
478,00;Mauritania;2009;478;Mauritania;MRT;435,00;Mauritania 2009;MRT09;3,82
478,00;Mauritania;2011;478;Mauritania;MRT;435,00;Mauritania 2011;MRT11;4,32
478,00;Mauritania;2013;478;Mauritania;MRT;435,00;Mauritania 2013;MRT13;4,32
478,00;Mauritania;2015;478;Mauritania;MRT;435,00;Mauritania 2015;MRT15;4,43
478,00;Mauritania;2017;478;Mauritania;MRT;435,00;Mauritania 2017;MRT17;4,21
478,00;Mauritania;2019;478;Mauritania;MRT;435,00;Mauritania 2019;MRT19;4,18
478,00;Mauritania;2021;478;Mauritania;MRT;435,00;Mauritania 2021;MRT21;4,18
478,00;Mauritania;2023;478;Mauritania;MRT;435,00;Mauritania 2023;MRT23;4,21
480,00;Mauritius;2005;480;Mauritius;MUS;590,00;Mauritius 2005;MUS05;7,75
480,00;Mauritius;2007;480;Mauritius;MUS;590,00;Mauritius 2007;MUS07;7,86
480,00;Mauritius;2009;480;Mauritius;MUS;590,00;Mauritius 2009;MUS09;7,43
480,00;Mauritius;2011;480;Mauritius;MUS;590,00;Mauritius 2011;MUS11;7,68
480,00;Mauritius;2013;480;Mauritius;MUS;590,00;Mauritius 2013;MUS13;7,68
480,00;Mauritius;2015;480;Mauritius;MUS;590,00;Mauritius 2015;MUS15;7,57
480,00;Mauritius;2017;480;Mauritius;MUS;590,00;Mauritius 2017;MUS17;8,00
480,00;Mauritius;2019;480;Mauritius;MUS;590,00;Mauritius 2019;MUS19;7,93
480,00;Mauritius;2021;480;Mauritius;MUS;590,00;Mauritius 2021;MUS21;7,79
480,00;Mauritius;2023;480;Mauritius;MUS;590,00;Mauritius 2023;MUS23;7,46
484,00;Mexico;2005;484;Mexico;MEX;70,00;Mexico 2005;MEX05;6,71
484,00;Mexico;2007;484;Mexico;MEX;70,00;Mexico 2007;MEX07;7,14
484,00;Mexico;2009;484;Mexico;MEX;70,00;Mexico 2009;MEX09;6,93
484,00;Mexico;2011;484;Mexico;MEX;70,00;Mexico 2011;MEX11;6,86
484,00;Mexico;2013;484;Mexico;MEX;70,00;Mexico 2013;MEX13;6,89
484,00;Mexico;2015;484;Mexico;MEX;70,00;Mexico 2015;MEX15;6,50
484,00;Mexico;2017;484;Mexico;MEX;70,00;Mexico 2017;MEX17;6,36
484,00;Mexico;2019;484;Mexico;MEX;70,00;Mexico 2019;MEX19;6,36
484,00;Mexico;2021;484;Mexico;MEX;70,00;Mexico 2021;MEX21;6,07
484,00;Mexico;2023;484;Mexico;MEX;70,00;Mexico 2023;MEX23;5,79
496,00;Mongolia;2005;496;Mongolia;MNG;712,00;Mongolia 2005;MNG05;5,54
496,00;Mongolia;2007;496;Mongolia;MNG;712,00;Mongolia 2007;MNG07;5,50
496,00;Mongolia;2009;496;Mongolia;MNG;712,00;Mongolia 2009;MNG09;5,50
496,00;Mongolia;2011;496;Mongolia;MNG;712,00;Mongolia 2011;MNG11;5,32
496,00;Mongolia;2013;496;Mongolia;MNG;712,00;Mongolia 2013;MNG13;5,79
496,00;Mongolia;2015;496;Mongolia;MNG;712,00;Mongolia 2015;MNG15;5,93
496,00;Mongolia;2017;496;Mongolia;MNG;712,00;Mongolia 2017;MNG17;5,79
496,00;Mongolia;2019;496;Mongolia;MNG;712,00;Mongolia 2019;MNG19;6,00
496,00;Mongolia;2021;496;Mongolia;MNG;712,00;Mongolia 2021;MNG21;5,64
496,00;Mongolia;2023;496;Mongolia;MNG;712,00;Mongolia 2023;MNG23;5,86
498,00;Moldova (the Republic of);2005;498;Moldova;MDA;359,00;Moldova 2005;MDA05;4,71
498,00;Moldova (the Republic of);2007;498;Moldova;MDA;359,00;Moldova 2007;MDA07;5,00
498,00;Moldova (the Republic of);2009;498;Moldova;MDA;359,00;Moldova 2009;MDA09;4,93
498,00;Moldova (the Republic of);2011;498;Moldova;MDA;359,00;Moldova 2011;MDA11;5,43
498,00;Moldova (the Republic of);2013;498;Moldova;MDA;359,00;Moldova 2013;MDA13;5,50
498,00;Moldova (the Republic of);2015;498;Moldova;MDA;359,00;Moldova 2015;MDA15;5,79
498,00;Moldova (the Republic of);2017;498;Moldova;MDA;359,00;Moldova 2017;MDA17;5,71
498,00;Moldova (the Republic of);2019;498;Moldova;MDA;359,00;Moldova 2019;MDA19;5,75
498,00;Moldova (the Republic of);2021;498;Moldova;MDA;359,00;Moldova 2021;MDA21;5,68
498,00;Moldova (the Republic of);2023;498;Moldova;MDA;359,00;Moldova 2023;MDA23;6,04
499,00;Montenegro;2007;499;Montenegro;MNE;341,00;Montenegro 2007;MNE07;6,71
499,00;Montenegro;2009;499;Montenegro;MNE;341,00;Montenegro 2009;MNE09;6,89
499,00;Montenegro;2011;499;Montenegro;MNE;341,00;Montenegro 2011;MNE11;6,96
499,00;Montenegro;2013;499;Montenegro;MNE;341,00;Montenegro 2013;MNE13;7,11
499,00;Montenegro;2015;499;Montenegro;MNE;341,00;Montenegro 2015;MNE15;7,11
499,00;Montenegro;2017;499;Montenegro;MNE;341,00;Montenegro 2017;MNE17;7,14
499,00;Montenegro;2019;499;Montenegro;MNE;341,00;Montenegro 2019;MNE19;7,07
499,00;Montenegro;2021;499;Montenegro;MNE;341,00;Montenegro 2021;MNE21;6,82
499,00;Montenegro;2023;499;Montenegro;MNE;341,00;Montenegro 2023;MNE23;7,14
504,00;Morocco;2005;504;Morocco;MAR;600,00;Morocco 2005;MAR05;4,75
504,00;Morocco;2007;504;Morocco;MAR;600,00;Morocco 2007;MAR07;4,89
504,00;Morocco;2009;504;Morocco;MAR;600,00;Morocco 2009;MAR09;4,89
504,00;Morocco;2011;504;Morocco;MAR;600,00;Morocco 2011;MAR11;5,11
504,00;Morocco;2013;504;Morocco;MAR;600,00;Morocco 2013;MAR13;5,04
504,00;Morocco;2015;504;Morocco;MAR;600,00;Morocco 2015;MAR15;5,36
504,00;Morocco;2017;504;Morocco;MAR;600,00;Morocco 2017;MAR17;5,43
504,00;Morocco;2019;504;Morocco;MAR;600,00;Morocco 2019;MAR19;5,71
504,00;Morocco;2021;504;Morocco;MAR;600,00;Morocco 2021;MAR21;5,96
504,00;Morocco;2023;504;Morocco;MAR;600,00;Morocco 2023;MAR23;5,57
508,00;Mozambique;2005;508;Mozambique;MOZ;541,00;Mozambique 2005;MOZ05;5,07
508,00;Mozambique;2007;508;Mozambique;MOZ;541,00;Mozambique 2007;MOZ07;4,57
508,00;Mozambique;2009;508;Mozambique;MOZ;541,00;Mozambique 2009;MOZ09;5,07
508,00;Mozambique;2011;508;Mozambique;MOZ;541,00;Mozambique 2011;MOZ11;4,64
508,00;Mozambique;2013;508;Mozambique;MOZ;541,00;Mozambique 2013;MOZ13;4,89
508,00;Mozambique;2015;508;Mozambique;MOZ;541,00;Mozambique 2015;MOZ15;4,86
508,00;Mozambique;2017;508;Mozambique;MOZ;541,00;Mozambique 2017;MOZ17;4,14
508,00;Mozambique;2019;508;Mozambique;MOZ;541,00;Mozambique 2019;MOZ19;4,00
508,00;Mozambique;2021;508;Mozambique;MOZ;541,00;Mozambique 2021;MOZ21;4,04
508,00;Mozambique;2023;508;Mozambique;MOZ;541,00;Mozambique 2023;MOZ23;4,32
512,00;Oman;2007;512;Oman;OMN;698,00;Oman 2007;OMN07;6,96
512,00;Oman;2009;512;Oman;OMN;698,00;Oman 2009;OMN09;7,07
512,00;Oman;2011;512;Oman;OMN;698,00;Oman 2011;OMN11;6,93
512,00;Oman;2013;512;Oman;OMN;698,00;Oman 2013;OMN13;6,50
512,00;Oman;2015;512;Oman;OMN;698,00;Oman 2015;OMN15;6,29
512,00;Oman;2017;512;Oman;OMN;698,00;Oman 2017;OMN17;5,86
512,00;Oman;2019;512;Oman;OMN;698,00;Oman 2019;OMN19;5,54
512,00;Oman;2021;512;Oman;OMN;698,00;Oman 2021;OMN21;5,64
512,00;Oman;2023;512;Oman;OMN;698,00;Oman 2023;OMN23;5,64
516,00;Namibia;2005;516;Namibia;NAM;565,00;Namibia 2005;NAM05;6,61
516,00;Namibia;2007;516;Namibia;NAM;565,00;Namibia 2007;NAM07;6,54
516,00;Namibia;2009;516;Namibia;NAM;565,00;Namibia 2009;NAM09;6,18
516,00;Namibia;2011;516;Namibia;NAM;565,00;Namibia 2011;NAM11;6,29
516,00;Namibia;2013;516;Namibia;NAM;565,00;Namibia 2013;NAM13;6,43
516,00;Namibia;2015;516;Namibia;NAM;565,00;Namibia 2015;NAM15;6,36
516,00;Namibia;2017;516;Namibia;NAM;565,00;Namibia 2017;NAM17;5,50
516,00;Namibia;2019;516;Namibia;NAM;565,00;Namibia 2019;NAM19;5,43
516,00;Namibia;2021;516;Namibia;NAM;565,00;Namibia 2021;NAM21;5,43
516,00;Namibia;2023;516;Namibia;NAM;565,00;Namibia 2023;NAM23;5,18
524,00;Nepal;2005;524;Nepal;NPL;790,00;Nepal 2005;NPL05;5,39
524,00;Nepal;2007;524;Nepal;NPL;790,00;Nepal 2007;NPL07;4,96
524,00;Nepal;2009;524;Nepal;NPL;790,00;Nepal 2009;NPL09;3,86
524,00;Nepal;2011;524;Nepal;NPL;790,00;Nepal 2011;NPL11;3,89
524,00;Nepal;2013;524;Nepal;NPL;790,00;Nepal 2013;NPL13;4,11
524,00;Nepal;2015;524;Nepal;NPL;790,00;Nepal 2015;NPL15;4,29
524,00;Nepal;2017;524;Nepal;NPL;790,00;Nepal 2017;NPL17;4,14
524,00;Nepal;2019;524;Nepal;NPL;790,00;Nepal 2019;NPL19;4,57
524,00;Nepal;2021;524;Nepal;NPL;790,00;Nepal 2021;NPL21;4,50
524,00;Nepal;2023;524;Nepal;NPL;790,00;Nepal 2023;NPL23;4,64
558,00;Nicaragua;2005;558;Nicaragua;NIC;93,00;Nicaragua 2005;NIC05;5,11
558,00;Nicaragua;2007;558;Nicaragua;NIC;93,00;Nicaragua 2007;NIC07;5,50
558,00;Nicaragua;2009;558;Nicaragua;NIC;93,00;Nicaragua 2009;NIC09;5,36
558,00;Nicaragua;2011;558;Nicaragua;NIC;93,00;Nicaragua 2011;NIC11;5,43
558,00;Nicaragua;2013;558;Nicaragua;NIC;93,00;Nicaragua 2013;NIC13;5,54
558,00;Nicaragua;2015;558;Nicaragua;NIC;93,00;Nicaragua 2015;NIC15;5,46
558,00;Nicaragua;2017;558;Nicaragua;NIC;93,00;Nicaragua 2017;NIC17;5,36
558,00;Nicaragua;2019;558;Nicaragua;NIC;93,00;Nicaragua 2019;NIC19;4,64
558,00;Nicaragua;2021;558;Nicaragua;NIC;93,00;Nicaragua 2021;NIC21;4,46
558,00;Nicaragua;2023;558;Nicaragua;NIC;93,00;Nicaragua 2023;NIC23;4,54
562,00;Niger (the);2005;562;Niger;NER;436,00;Niger 2005;NER05;4,18
562,00;Niger (the);2007;562;Niger;NER;436,00;Niger 2007;NER07;3,86
562,00;Niger (the);2009;562;Niger;NER;436,00;Niger 2009;NER09;3,96
562,00;Niger (the);2011;562;Niger;NER;436,00;Niger 2011;NER11;4,25
562,00;Niger (the);2013;562;Niger;NER;436,00;Niger 2013;NER13;4,04
562,00;Niger (the);2015;562;Niger;NER;436,00;Niger 2015;NER15;4,11
562,00;Niger (the);2017;562;Niger;NER;436,00;Niger 2017;NER17;3,96
562,00;Niger (the);2019;562;Niger;NER;436,00;Niger 2019;NER19;3,93
562,00;Niger (the);2021;562;Niger;NER;436,00;Niger 2021;NER21;3,86
562,00;Niger (the);2023;562;Niger;NER;436,00;Niger 2023;NER23;4,00
566,00;Nigeria;2005;566;Nigeria;NGA;475,00;Nigeria 2005;NGA05;4,71
566,00;Nigeria;2007;566;Nigeria;NGA;475,00;Nigeria 2007;NGA07;5,29
566,00;Nigeria;2009;566;Nigeria;NGA;475,00;Nigeria 2009;NGA09;5,04
566,00;Nigeria;2011;566;Nigeria;NGA;475,00;Nigeria 2011;NGA11;4,46
566,00;Nigeria;2013;566;Nigeria;NGA;475,00;Nigeria 2013;NGA13;4,57
566,00;Nigeria;2015;566;Nigeria;NGA;475,00;Nigeria 2015;NGA15;4,36
566,00;Nigeria;2017;566;Nigeria;NGA;475,00;Nigeria 2017;NGA17;3,86
566,00;Nigeria;2019;566;Nigeria;NGA;475,00;Nigeria 2019;NGA19;3,93
566,00;Nigeria;2021;566;Nigeria;NGA;475,00;Nigeria 2021;NGA21;3,57
566,00;Nigeria;2023;566;Nigeria;NGA;475,00;Nigeria 2023;NGA23;3,54
586,00;Pakistan;2005;586;Pakistan (1971-);PAK;770,00;Pakistan (1971-) 2005;PAK05;5,29
586,00;Pakistan;2007;586;Pakistan (1971-);PAK;770,00;Pakistan (1971-) 2007;PAK07;5,18
586,00;Pakistan;2009;586;Pakistan (1971-);PAK;770,00;Pakistan (1971-) 2009;PAK09;4,29
586,00;Pakistan;2011;586;Pakistan (1971-);PAK;770,00;Pakistan (1971-) 2011;PAK11;4,18
586,00;Pakistan;2013;586;Pakistan (1971-);PAK;770,00;Pakistan (1971-) 2013;PAK13;3,86
586,00;Pakistan;2015;586;Pakistan (1971-);PAK;770,00;Pakistan (1971-) 2015;PAK15;4,11
586,00;Pakistan;2017;586;Pakistan (1971-);PAK;770,00;Pakistan (1971-) 2017;PAK17;4,32
586,00;Pakistan;2019;586;Pakistan (1971-);PAK;770,00;Pakistan (1971-) 2019;PAK19;4,18
586,00;Pakistan;2021;586;Pakistan (1971-);PAK;770,00;Pakistan (1971-) 2021;PAK21;4,04
586,00;Pakistan;2023;586;Pakistan (1971-);PAK;770,00;Pakistan (1971-) 2023;PAK23;3,64
591,00;Panama;2005;591;Panama;PAN;95,00;Panama 2005;PAN05;6,64
591,00;Panama;2007;591;Panama;PAN;95,00;Panama 2007;PAN07;7,04
591,00;Panama;2009;591;Panama;PAN;95,00;Panama 2009;PAN09;7,07
591,00;Panama;2011;591;Panama;PAN;95,00;Panama 2011;PAN11;7,07
591,00;Panama;2013;591;Panama;PAN;95,00;Panama 2013;PAN13;6,79
591,00;Panama;2015;591;Panama;PAN;95,00;Panama 2015;PAN15;7,04
591,00;Panama;2017;591;Panama;PAN;95,00;Panama 2017;PAN17;6,93
591,00;Panama;2019;591;Panama;PAN;95,00;Panama 2019;PAN19;6,82
591,00;Panama;2021;591;Panama;PAN;95,00;Panama 2021;PAN21;6,36
591,00;Panama;2023;591;Panama;PAN;95,00;Panama 2023;PAN23;6,61
598,00;Papua New Guinea;2005;598;Papua New Guinea;PNG;910,00;Papua New Guinea 2005;PNG05;4,29
598,00;Papua New Guinea;2007;598;Papua New Guinea;PNG;910,00;Papua New Guinea 2007;PNG07;4,82
598,00;Papua New Guinea;2009;598;Papua New Guinea;PNG;910,00;Papua New Guinea 2009;PNG09;5,36
598,00;Papua New Guinea;2011;598;Papua New Guinea;PNG;910,00;Papua New Guinea 2011;PNG11;5,21
598,00;Papua New Guinea;2013;598;Papua New Guinea;PNG;910,00;Papua New Guinea 2013;PNG13;5,18
598,00;Papua New Guinea;2015;598;Papua New Guinea;PNG;910,00;Papua New Guinea 2015;PNG15;4,82
598,00;Papua New Guinea;2017;598;Papua New Guinea;PNG;910,00;Papua New Guinea 2017;PNG17;4,86
598,00;Papua New Guinea;2019;598;Papua New Guinea;PNG;910,00;Papua New Guinea 2019;PNG19;4,82
598,00;Papua New Guinea;2021;598;Papua New Guinea;PNG;910,00;Papua New Guinea 2021;PNG21;4,14
598,00;Papua New Guinea;2023;598;Papua New Guinea;PNG;910,00;Papua New Guinea 2023;PNG23;4,39
600,00;Paraguay;2005;600;Paraguay;PRY;150,00;Paraguay 2005;PRY05;5,11
600,00;Paraguay;2007;600;Paraguay;PRY;150,00;Paraguay 2007;PRY07;5,54
600,00;Paraguay;2009;600;Paraguay;PRY;150,00;Paraguay 2009;PRY09;5,68
600,00;Paraguay;2011;600;Paraguay;PRY;150,00;Paraguay 2011;PRY11;5,79
600,00;Paraguay;2013;600;Paraguay;PRY;150,00;Paraguay 2013;PRY13;5,71
600,00;Paraguay;2015;600;Paraguay;PRY;150,00;Paraguay 2015;PRY15;6,00
600,00;Paraguay;2017;600;Paraguay;PRY;150,00;Paraguay 2017;PRY17;6,04
600,00;Paraguay;2019;600;Paraguay;PRY;150,00;Paraguay 2019;PRY19;6,04
600,00;Paraguay;2021;600;Paraguay;PRY;150,00;Paraguay 2021;PRY21;6,04
600,00;Paraguay;2023;600;Paraguay;PRY;150,00;Paraguay 2023;PRY23;5,93
604,00;Peru;2005;604;Peru;PER;135,00;Peru 2005;PER05;6,29
604,00;Peru;2007;604;Peru;PER;135,00;Peru 2007;PER07;6,61
604,00;Peru;2009;604;Peru;PER;135,00;Peru 2009;PER09;6,79
604,00;Peru;2011;604;Peru;PER;135,00;Peru 2011;PER11;7,18
604,00;Peru;2013;604;Peru;PER;135,00;Peru 2013;PER13;7,32
604,00;Peru;2015;604;Peru;PER;135,00;Peru 2015;PER15;7,18
604,00;Peru;2017;604;Peru;PER;135,00;Peru 2017;PER17;7,11
604,00;Peru;2019;604;Peru;PER;135,00;Peru 2019;PER19;7,11
604,00;Peru;2021;604;Peru;PER;135,00;Peru 2021;PER21;6,68
604,00;Peru;2023;604;Peru;PER;135,00;Peru 2023;PER23;6,82
608,00;Philippines (the);2005;608;Philippines;PHL;840,00;Philippines 2005;PHL05;5,86
608,00;Philippines (the);2007;608;Philippines;PHL;840,00;Philippines 2007;PHL07;6,00
608,00;Philippines (the);2009;608;Philippines;PHL;840,00;Philippines 2009;PHL09;6,21
608,00;Philippines (the);2011;608;Philippines;PHL;840,00;Philippines 2011;PHL11;5,96
608,00;Philippines (the);2013;608;Philippines;PHL;840,00;Philippines 2013;PHL13;6,36
608,00;Philippines (the);2015;608;Philippines;PHL;840,00;Philippines 2015;PHL15;6,36
608,00;Philippines (the);2017;608;Philippines;PHL;840,00;Philippines 2017;PHL17;6,64
608,00;Philippines (the);2019;608;Philippines;PHL;840,00;Philippines 2019;PHL19;6,43
608,00;Philippines (the);2021;608;Philippines;PHL;840,00;Philippines 2021;PHL21;5,79
608,00;Philippines (the);2023;608;Philippines;PHL;840,00;Philippines 2023;PHL23;5,86
616,00;Poland;2005;616;Poland;POL;290,00;Poland 2005;POL05;8,61
616,00;Poland;2007;616;Poland;POL;290,00;Poland 2007;POL07;8,71
616,00;Poland;2009;616;Poland;POL;290,00;Poland 2009;POL09;8,71
616,00;Poland;2011;616;Poland;POL;290,00;Poland 2011;POL11;8,89
616,00;Poland;2013;616;Poland;POL;290,00;Poland 2013;POL13;8,96
616,00;Poland;2015;616;Poland;POL;290,00;Poland 2015;POL15;8,96
616,00;Poland;2017;616;Poland;POL;290,00;Poland 2017;POL17;8,61
616,00;Poland;2019;616;Poland;POL;290,00;Poland 2019;POL19;8,36
616,00;Poland;2021;616;Poland;POL;290,00;Poland 2021;POL21;8,36
616,00;Poland;2023;616;Poland;POL;290,00;Poland 2023;POL23;8,14
624,00;Guinea-Bissau;2019;624;Guinea-Bissau;GNB;404,00;Guinea-Bissau 2019;GNB19;4,39
624,00;Guinea-Bissau;2021;624;Guinea-Bissau;GNB;404,00;Guinea-Bissau 2021;GNB21;4,18
624,00;Guinea-Bissau;2023;624;Guinea-Bissau;GNB;404,00;Guinea-Bissau 2023;GNB23;3,89
626,00;Timor-Leste;2019;626;Timor-Leste;TLS;860,00;Timor-Leste 2019;TLS19;4,75
626,00;Timor-Leste;2021;626;Timor-Leste;TLS;860,00;Timor-Leste 2021;TLS21;4,54
626,00;Timor-Leste;2023;626;Timor-Leste;TLS;860,00;Timor-Leste 2023;TLS23;4,54
634,00;Qatar;2009;634;Qatar;QAT;694,00;Qatar 2009;QAT09;7,93
634,00;Qatar;2011;634;Qatar;QAT;694,00;Qatar 2011;QAT11;8,11
634,00;Qatar;2013;634;Qatar;QAT;694,00;Qatar 2013;QAT13;8,32
634,00;Qatar;2015;634;Qatar;QAT;694,00;Qatar 2015;QAT15;8,18
634,00;Qatar;2017;634;Qatar;QAT;694,00;Qatar 2017;QAT17;8,04
634,00;Qatar;2019;634;Qatar;QAT;694,00;Qatar 2019;QAT19;7,89
634,00;Qatar;2021;634;Qatar;QAT;694,00;Qatar 2021;QAT21;7,82
634,00;Qatar;2023;634;Qatar;QAT;694,00;Qatar 2023;QAT23;7,68
642,00;Romania;2005;642;Romania;ROU;360,00;Romania 2005;ROU05;7,57
642,00;Romania;2007;642;Romania;ROU;360,00;Romania 2007;ROU07;8,07
642,00;Romania;2009;642;Romania;ROU;360,00;Romania 2009;ROU09;7,96
642,00;Romania;2011;642;Romania;ROU;360,00;Romania 2011;ROU11;7,79
642,00;Romania;2013;642;Romania;ROU;360,00;Romania 2013;ROU13;7,89
642,00;Romania;2015;642;Romania;ROU;360,00;Romania 2015;ROU15;7,96
642,00;Romania;2017;642;Romania;ROU;360,00;Romania 2017;ROU17;7,96
642,00;Romania;2019;642;Romania;ROU;360,00;Romania 2019;ROU19;7,64
642,00;Romania;2021;642;Romania;ROU;360,00;Romania 2021;ROU21;7,50
642,00;Romania;2023;642;Romania;ROU;360,00;Romania 2023;ROU23;7,57
643,00;Russian Federation (the);2005;643;Russia;RUS;365,00;Russia 2005;RUS05;6,57
643,00;Russian Federation (the);2007;643;Russia;RUS;365,00;Russia 2007;RUS07;6,54
643,00;Russian Federation (the);2009;643;Russia;RUS;365,00;Russia 2009;RUS09;6,14
643,00;Russian Federation (the);2011;643;Russia;RUS;365,00;Russia 2011;RUS11;6,11
643,00;Russian Federation (the);2013;643;Russia;RUS;365,00;Russia 2013;RUS13;6,07
643,00;Russian Federation (the);2015;643;Russia;RUS;365,00;Russia 2015;RUS15;5,71
643,00;Russian Federation (the);2017;643;Russia;RUS;365,00;Russia 2017;RUS17;6,07
643,00;Russian Federation (the);2019;643;Russia;RUS;365,00;Russia 2019;RUS19;6,11
643,00;Russian Federation (the);2021;643;Russia;RUS;365,00;Russia 2021;RUS21;6,14
643,00;Russian Federation (the);2023;643;Russia;RUS;365,00;Russia 2023;RUS23;4,93
646,00;Rwanda;2005;646;Rwanda;RWA;517,00;Rwanda 2005;RWA05;4,96
646,00;Rwanda;2007;646;Rwanda;RWA;517,00;Rwanda 2007;RWA07;4,11
646,00;Rwanda;2009;646;Rwanda;RWA;517,00;Rwanda 2009;RWA09;5,11
646,00;Rwanda;2011;646;Rwanda;RWA;517,00;Rwanda 2011;RWA11;5,18
646,00;Rwanda;2013;646;Rwanda;RWA;517,00;Rwanda 2013;RWA13;5,79
646,00;Rwanda;2015;646;Rwanda;RWA;517,00;Rwanda 2015;RWA15;5,82
646,00;Rwanda;2017;646;Rwanda;RWA;517,00;Rwanda 2017;RWA17;5,71
646,00;Rwanda;2019;646;Rwanda;RWA;517,00;Rwanda 2019;RWA19;5,61
646,00;Rwanda;2021;646;Rwanda;RWA;517,00;Rwanda 2021;RWA21;5,46
646,00;Rwanda;2023;646;Rwanda;RWA;517,00;Rwanda 2023;RWA23;5,32
682,00;Saudi Arabia;2005;682;Saudi Arabia;SAU;670,00;Saudi Arabia 2005;SAU05;5,43
682,00;Saudi Arabia;2007;682;Saudi Arabia;SAU;670,00;Saudi Arabia 2007;SAU07;6,00
682,00;Saudi Arabia;2009;682;Saudi Arabia;SAU;670,00;Saudi Arabia 2009;SAU09;6,39
682,00;Saudi Arabia;2011;682;Saudi Arabia;SAU;670,00;Saudi Arabia 2011;SAU11;5,93
682,00;Saudi Arabia;2013;682;Saudi Arabia;SAU;670,00;Saudi Arabia 2013;SAU13;5,89
682,00;Saudi Arabia;2015;682;Saudi Arabia;SAU;670,00;Saudi Arabia 2015;SAU15;6,00
682,00;Saudi Arabia;2017;682;Saudi Arabia;SAU;670,00;Saudi Arabia 2017;SAU17;5,96
682,00;Saudi Arabia;2019;682;Saudi Arabia;SAU;670,00;Saudi Arabia 2019;SAU19;6,21
682,00;Saudi Arabia;2021;682;Saudi Arabia;SAU;670,00;Saudi Arabia 2021;SAU21;6,29
682,00;Saudi Arabia;2023;682;Saudi Arabia;SAU;670,00;Saudi Arabia 2023;SAU23;6,46
686,00;Senegal;2005;686;Senegal;SEN;433,00;Senegal 2005;SEN05;5,54
686,00;Senegal;2007;686;Senegal;SEN;433,00;Senegal 2007;SEN07;5,04
686,00;Senegal;2009;686;Senegal;SEN;433,00;Senegal 2009;SEN09;4,75
686,00;Senegal;2011;686;Senegal;SEN;433,00;Senegal 2011;SEN11;4,96
686,00;Senegal;2013;686;Senegal;SEN;433,00;Senegal 2013;SEN13;4,89
686,00;Senegal;2015;686;Senegal;SEN;433,00;Senegal 2015;SEN15;5,07
686,00;Senegal;2017;686;Senegal;SEN;433,00;Senegal 2017;SEN17;5,25
686,00;Senegal;2019;686;Senegal;SEN;433,00;Senegal 2019;SEN19;5,14
686,00;Senegal;2021;686;Senegal;SEN;433,00;Senegal 2021;SEN21;5,14
686,00;Senegal;2023;686;Senegal;SEN;433,00;Senegal 2023;SEN23;4,96
688,00;Serbia;2007;688;Serbia;SRB;;Serbia 2007;SRB07;6,64
688,00;Serbia;2009;688;Serbia;SRB;;Serbia 2009;SRB09;6,79
688,00;Serbia;2011;688;Serbia;SRB;;Serbia 2011;SRB11;6,96
688,00;Serbia;2013;688;Serbia;SRB;;Serbia 2013;SRB13;7,07
688,00;Serbia;2015;688;Serbia;SRB;;Serbia 2015;SRB15;7,00
688,00;Serbia;2017;688;Serbia;SRB;;Serbia 2017;SRB17;7,11
688,00;Serbia;2019;688;Serbia;SRB;;Serbia 2019;SRB19;6,93
688,00;Serbia;2021;688;Serbia;SRB;;Serbia 2021;SRB21;6,71
688,00;Serbia;2023;688;Serbia;SRB;;Serbia 2023;SRB23;6,64
694,00;Sierra Leone;2005;694;Sierra Leone;SLE;451,00;Sierra Leone 2005;SLE05;4,39
694,00;Sierra Leone;2007;694;Sierra Leone;SLE;451,00;Sierra Leone 2007;SLE07;4,43
694,00;Sierra Leone;2009;694;Sierra Leone;SLE;451,00;Sierra Leone 2009;SLE09;4,46
694,00;Sierra Leone;2011;694;Sierra Leone;SLE;451,00;Sierra Leone 2011;SLE11;4,25
694,00;Sierra Leone;2013;694;Sierra Leone;SLE;451,00;Sierra Leone 2013;SLE13;4,32
694,00;Sierra Leone;2015;694;Sierra Leone;SLE;451,00;Sierra Leone 2015;SLE15;4,32
694,00;Sierra Leone;2017;694;Sierra Leone;SLE;451,00;Sierra Leone 2017;SLE17;4,14
694,00;Sierra Leone;2019;694;Sierra Leone;SLE;451,00;Sierra Leone 2019;SLE19;4,32
694,00;Sierra Leone;2021;694;Sierra Leone;SLE;451,00;Sierra Leone 2021;SLE21;4,18
694,00;Sierra Leone;2023;694;Sierra Leone;SLE;451,00;Sierra Leone 2023;SLE23;4,25
702,00;Singapore;2005;702;Singapore;SGP;830,00;Singapore 2005;SGP05;9,21
702,00;Singapore;2007;702;Singapore;SGP;830,00;Singapore 2007;SGP07;9,57
702,00;Singapore;2009;702;Singapore;SGP;830,00;Singapore 2009;SGP09;9,14
702,00;Singapore;2011;702;Singapore;SGP;830,00;Singapore 2011;SGP11;9,18
702,00;Singapore;2013;702;Singapore;SGP;830,00;Singapore 2013;SGP13;8,89
702,00;Singapore;2015;702;Singapore;SGP;830,00;Singapore 2015;SGP15;8,96
702,00;Singapore;2017;702;Singapore;SGP;830,00;Singapore 2017;SGP17;8,89
702,00;Singapore;2019;702;Singapore;SGP;830,00;Singapore 2019;SGP19;8,82
702,00;Singapore;2021;702;Singapore;SGP;830,00;Singapore 2021;SGP21;8,68
702,00;Singapore;2023;702;Singapore;SGP;830,00;Singapore 2023;SGP23;8,96
703,00;Slovakia;2005;703;Slovakia;SVK;317,00;Slovakia 2005;SVK05;8,93
703,00;Slovakia;2007;703;Slovakia;SVK;317,00;Slovakia 2007;SVK07;9,07
703,00;Slovakia;2009;703;Slovakia;SVK;317,00;Slovakia 2009;SVK09;8,93
703,00;Slovakia;2011;703;Slovakia;SVK;317,00;Slovakia 2011;SVK11;8,75
703,00;Slovakia;2013;703;Slovakia;SVK;317,00;Slovakia 2013;SVK13;8,54
703,00;Slovakia;2015;703;Slovakia;SVK;317,00;Slovakia 2015;SVK15;8,64
703,00;Slovakia;2017;703;Slovakia;SVK;317,00;Slovakia 2017;SVK17;8,57
703,00;Slovakia;2019;703;Slovakia;SVK;317,00;Slovakia 2019;SVK19;8,79
703,00;Slovakia;2021;703;Slovakia;SVK;317,00;Slovakia 2021;SVK21;8,79
703,00;Slovakia;2023;703;Slovakia;SVK;317,00;Slovakia 2023;SVK23;8,64
704,00;Viet Nam;2005;704;Vietnam;VNM;816,00;Vietnam 2005;VNM05;5,57
704,00;Viet Nam;2007;704;Vietnam;VNM;816,00;Vietnam 2007;VNM07;5,75
704,00;Viet Nam;2009;704;Vietnam;VNM;816,00;Vietnam 2009;VNM09;5,93
704,00;Viet Nam;2011;704;Vietnam;VNM;816,00;Vietnam 2011;VNM11;6,18
704,00;Viet Nam;2013;704;Vietnam;VNM;816,00;Vietnam 2013;VNM13;5,82
704,00;Viet Nam;2015;704;Vietnam;VNM;816,00;Vietnam 2015;VNM15;5,93
704,00;Viet Nam;2017;704;Vietnam;VNM;816,00;Vietnam 2017;VNM17;5,46
704,00;Viet Nam;2019;704;Vietnam;VNM;816,00;Vietnam 2019;VNM19;6,07
704,00;Viet Nam;2021;704;Vietnam;VNM;816,00;Vietnam 2021;VNM21;6,07
704,00;Viet Nam;2023;704;Vietnam;VNM;816,00;Vietnam 2023;VNM23;6,21
705,00;Slovenia;2005;705;Slovenia;SVN;349,00;Slovenia 2005;SVN05;9,36
705,00;Slovenia;2007;705;Slovenia;SVN;349,00;Slovenia 2007;SVN07;9,29
705,00;Slovenia;2009;705;Slovenia;SVN;349,00;Slovenia 2009;SVN09;9,29
705,00;Slovenia;2011;705;Slovenia;SVN;349,00;Slovenia 2011;SVN11;9,25
705,00;Slovenia;2013;705;Slovenia;SVN;349,00;Slovenia 2013;SVN13;8,93
705,00;Slovenia;2015;705;Slovenia;SVN;349,00;Slovenia 2015;SVN15;8,82
705,00;Slovenia;2017;705;Slovenia;SVN;349,00;Slovenia 2017;SVN17;9,11
705,00;Slovenia;2019;705;Slovenia;SVN;349,00;Slovenia 2019;SVN19;9,39
705,00;Slovenia;2021;705;Slovenia;SVN;349,00;Slovenia 2021;SVN21;9,11
705,00;Slovenia;2023;705;Slovenia;SVN;349,00;Slovenia 2023;SVN23;9,21
706,00;Somalia;2005;706;Somalia;SOM;520,00;Somalia 2005;SOM05;1,14
706,00;Somalia;2007;706;Somalia;SOM;520,00;Somalia 2007;SOM07;1,29
706,00;Somalia;2009;706;Somalia;SOM;520,00;Somalia 2009;SOM09;1,21
706,00;Somalia;2011;706;Somalia;SOM;520,00;Somalia 2011;SOM11;1,18
706,00;Somalia;2013;706;Somalia;SOM;520,00;Somalia 2013;SOM13;1,21
706,00;Somalia;2015;706;Somalia;SOM;520,00;Somalia 2015;SOM15;1,25
706,00;Somalia;2017;706;Somalia;SOM;520,00;Somalia 2017;SOM17;1,25
706,00;Somalia;2019;706;Somalia;SOM;520,00;Somalia 2019;SOM19;1,29
706,00;Somalia;2021;706;Somalia;SOM;520,00;Somalia 2021;SOM21;1,43
706,00;Somalia;2023;706;Somalia;SOM;520,00;Somalia 2023;SOM23;1,75
710,00;South Africa;2005;710;South Africa;ZAF;560,00;South Africa 2005;ZAF05;7,25
710,00;South Africa;2007;710;South Africa;ZAF;560,00;South Africa 2007;ZAF07;7,36
710,00;South Africa;2009;710;South Africa;ZAF;560,00;South Africa 2009;ZAF09;6,71
710,00;South Africa;2011;710;South Africa;ZAF;560,00;South Africa 2011;ZAF11;6,93
710,00;South Africa;2013;710;South Africa;ZAF;560,00;South Africa 2013;ZAF13;6,75
710,00;South Africa;2015;710;South Africa;ZAF;560,00;South Africa 2015;ZAF15;6,50
710,00;South Africa;2017;710;South Africa;ZAF;560,00;South Africa 2017;ZAF17;6,32
710,00;South Africa;2019;710;South Africa;ZAF;560,00;South Africa 2019;ZAF19;6,14
710,00;South Africa;2021;710;South Africa;ZAF;560,00;South Africa 2021;ZAF21;5,86
710,00;South Africa;2023;710;South Africa;ZAF;560,00;South Africa 2023;ZAF23;5,68
716,00;Zimbabwe;2005;716;Zimbabwe;ZWE;552,00;Zimbabwe 2005;ZWE05;2,79
716,00;Zimbabwe;2007;716;Zimbabwe;ZWE;552,00;Zimbabwe 2007;ZWE07;2,82
716,00;Zimbabwe;2009;716;Zimbabwe;ZWE;552,00;Zimbabwe 2009;ZWE09;2,07
716,00;Zimbabwe;2011;716;Zimbabwe;ZWE;552,00;Zimbabwe 2011;ZWE11;2,79
716,00;Zimbabwe;2013;716;Zimbabwe;ZWE;552,00;Zimbabwe 2013;ZWE13;3,43
716,00;Zimbabwe;2015;716;Zimbabwe;ZWE;552,00;Zimbabwe 2015;ZWE15;3,46
716,00;Zimbabwe;2017;716;Zimbabwe;ZWE;552,00;Zimbabwe 2017;ZWE17;2,82
716,00;Zimbabwe;2019;716;Zimbabwe;ZWE;552,00;Zimbabwe 2019;ZWE19;3,00
716,00;Zimbabwe;2021;716;Zimbabwe;ZWE;552,00;Zimbabwe 2021;ZWE21;2,68
716,00;Zimbabwe;2023;716;Zimbabwe;ZWE;552,00;Zimbabwe 2023;ZWE23;2,54
728,00;South Sudan;2013;728;South Sudan;SSD;626,00;South Sudan 2013;SSD13;2,43
728,00;South Sudan;2015;728;South Sudan;SSD;626,00;South Sudan 2015;SSD15;2,36
728,00;South Sudan;2017;728;South Sudan;SSD;626,00;South Sudan 2017;SSD17;1,93
728,00;South Sudan;2019;728;South Sudan;SSD;626,00;South Sudan 2019;SSD19;1,86
728,00;South Sudan;2021;728;South Sudan;SSD;626,00;South Sudan 2021;SSD21;1,93
728,00;South Sudan;2023;728;South Sudan;SSD;626,00;South Sudan 2023;SSD23;1,93
729,00;Sudan;2005;736;Sudan (-2011);SDN;;Sudan (-2011) 2005;SDN05;4,04
729,00;Sudan;2007;736;Sudan (-2011);SDN;;Sudan (-2011) 2007;SDN07;3,86
729,00;Sudan;2009;736;Sudan (-2011);SDN;;Sudan (-2011) 2009;SDN09;4,04
729,00;Sudan;2011;736;Sudan (-2011);SDN;;Sudan (-2011) 2011;SDN11;3,79
748,00;Eswatini;2019;748;Eswatini (former Swaziland);SWZ;572,00;Eswatini (former Swaziland) 2019;SWZ19;3,43
748,00;Eswatini;2021;748;Eswatini (former Swaziland);SWZ;572,00;Eswatini (former Swaziland) 2021;SWZ21;3,64
748,00;Eswatini;2023;748;Eswatini (former Swaziland);SWZ;572,00;Eswatini (former Swaziland) 2023;SWZ23;3,86
760,00;Syrian Arab Republic (the);2005;760;Syria;SYR;652,00;Syria 2005;SYR05;4,25
760,00;Syrian Arab Republic (the);2007;760;Syria;SYR;652,00;Syria 2007;SYR07;4,18
760,00;Syrian Arab Republic (the);2009;760;Syria;SYR;652,00;Syria 2009;SYR09;4,54
760,00;Syrian Arab Republic (the);2011;760;Syria;SYR;652,00;Syria 2011;SYR11;4,61
760,00;Syrian Arab Republic (the);2013;760;Syria;SYR;652,00;Syria 2013;SYR13;2,32
760,00;Syrian Arab Republic (the);2015;760;Syria;SYR;652,00;Syria 2015;SYR15;1,89
760,00;Syrian Arab Republic (the);2017;760;Syria;SYR;652,00;Syria 2017;SYR17;1,39
760,00;Syrian Arab Republic (the);2019;760;Syria;SYR;652,00;Syria 2019;SYR19;1,71
760,00;Syrian Arab Republic (the);2021;760;Syria;SYR;652,00;Syria 2021;SYR21;1,29
760,00;Syrian Arab Republic (the);2023;760;Syria;SYR;652,00;Syria 2023;SYR23;1,21
762,00;Tajikistan;2005;762;Tajikistan;TJK;702,00;Tajikistan 2005;TJK05;3,39
762,00;Tajikistan;2007;762;Tajikistan;TJK;702,00;Tajikistan 2007;TJK07;3,86
762,00;Tajikistan;2009;762;Tajikistan;TJK;702,00;Tajikistan 2009;TJK09;3,18
762,00;Tajikistan;2011;762;Tajikistan;TJK;702,00;Tajikistan 2011;TJK11;3,50
762,00;Tajikistan;2013;762;Tajikistan;TJK;702,00;Tajikistan 2013;TJK13;3,57
762,00;Tajikistan;2015;762;Tajikistan;TJK;702,00;Tajikistan 2015;TJK15;3,64
762,00;Tajikistan;2017;762;Tajikistan;TJK;702,00;Tajikistan 2017;TJK17;3,64
762,00;Tajikistan;2019;762;Tajikistan;TJK;702,00;Tajikistan 2019;TJK19;3,71
762,00;Tajikistan;2021;762;Tajikistan;TJK;702,00;Tajikistan 2021;TJK21;3,50
762,00;Tajikistan;2023;762;Tajikistan;TJK;702,00;Tajikistan 2023;TJK23;3,50
764,00;Thailand;2005;764;Thailand;THA;800,00;Thailand 2005;THA05;7,68
764,00;Thailand;2007;764;Thailand;THA;800,00;Thailand 2007;THA07;7,04
764,00;Thailand;2009;764;Thailand;THA;800,00;Thailand 2009;THA09;6,32
764,00;Thailand;2011;764;Thailand;THA;800,00;Thailand 2011;THA11;6,39
764,00;Thailand;2013;764;Thailand;THA;800,00;Thailand 2013;THA13;6,39
764,00;Thailand;2015;764;Thailand;THA;800,00;Thailand 2015;THA15;6,29
764,00;Thailand;2017;764;Thailand;THA;800,00;Thailand 2017;THA17;6,18
764,00;Thailand;2019;764;Thailand;THA;800,00;Thailand 2019;THA19;6,32
764,00;Thailand;2021;764;Thailand;THA;800,00;Thailand 2021;THA21;6,11
764,00;Thailand;2023;764;Thailand;THA;800,00;Thailand 2023;THA23;6,11
768,00;Togo;2005;768;Togo;TGO;461,00;Togo 2005;TGO05;3,93
768,00;Togo;2007;768;Togo;TGO;461,00;Togo 2007;TGO07;3,61
768,00;Togo;2009;768;Togo;TGO;461,00;Togo 2009;TGO09;3,82
768,00;Togo;2011;768;Togo;TGO;461,00;Togo 2011;TGO11;4,14
768,00;Togo;2013;768;Togo;TGO;461,00;Togo 2013;TGO13;4,29
768,00;Togo;2015;768;Togo;TGO;461,00;Togo 2015;TGO15;4,61
768,00;Togo;2017;768;Togo;TGO;461,00;Togo 2017;TGO17;4,71
768,00;Togo;2019;768;Togo;TGO;461,00;Togo 2019;TGO19;4,71
768,00;Togo;2021;768;Togo;TGO;461,00;Togo 2021;TGO21;4,71
768,00;Togo;2023;768;Togo;TGO;461,00;Togo 2023;TGO23;4,71
780,00;Trinidad and Tobago;2019;780;Trinidad and Tobago;TTO;52,00;Trinidad and Tobago 2019;TTO19;6,54
780,00;Trinidad and Tobago;2021;780;Trinidad and Tobago;TTO;52,00;Trinidad and Tobago 2021;TTO21;6,46
780,00;Trinidad and Tobago;2023;780;Trinidad and Tobago;TTO;52,00;Trinidad and Tobago 2023;TTO23;6,61
784,00;United Arab Emirates (the);2005;784;United Arab Emirates;ARE;696,00;United Arab Emirates 2005;ARE05;6,86
784,00;United Arab Emirates (the);2007;784;United Arab Emirates;ARE;696,00;United Arab Emirates 2007;ARE07;7,00
784,00;United Arab Emirates (the);2009;784;United Arab Emirates;ARE;696,00;United Arab Emirates 2009;ARE09;7,50
784,00;United Arab Emirates (the);2011;784;United Arab Emirates;ARE;696,00;United Arab Emirates 2011;ARE11;7,29
784,00;United Arab Emirates (the);2013;784;United Arab Emirates;ARE;696,00;United Arab Emirates 2013;ARE13;7,96
784,00;United Arab Emirates (the);2015;784;United Arab Emirates;ARE;696,00;United Arab Emirates 2015;ARE15;8,14
784,00;United Arab Emirates (the);2017;784;United Arab Emirates;ARE;696,00;United Arab Emirates 2017;ARE17;8,14
784,00;United Arab Emirates (the);2019;784;United Arab Emirates;ARE;696,00;United Arab Emirates 2019;ARE19;8,00
784,00;United Arab Emirates (the);2021;784;United Arab Emirates;ARE;696,00;United Arab Emirates 2021;ARE21;7,93
784,00;United Arab Emirates (the);2023;784;United Arab Emirates;ARE;696,00;United Arab Emirates 2023;ARE23;8,00
788,00;Tunisia;2005;788;Tunisia;TUN;616,00;Tunisia 2005;TUN05;6,50
788,00;Tunisia;2007;788;Tunisia;TUN;616,00;Tunisia 2007;TUN07;6,79
788,00;Tunisia;2009;788;Tunisia;TUN;616,00;Tunisia 2009;TUN09;6,18
788,00;Tunisia;2011;788;Tunisia;TUN;616,00;Tunisia 2011;TUN11;6,11
788,00;Tunisia;2013;788;Tunisia;TUN;616,00;Tunisia 2013;TUN13;5,68
788,00;Tunisia;2015;788;Tunisia;TUN;616,00;Tunisia 2015;TUN15;6,00
788,00;Tunisia;2017;788;Tunisia;TUN;616,00;Tunisia 2017;TUN17;6,04
788,00;Tunisia;2019;788;Tunisia;TUN;616,00;Tunisia 2019;TUN19;6,21
788,00;Tunisia;2021;788;Tunisia;TUN;616,00;Tunisia 2021;TUN21;5,96
788,00;Tunisia;2023;788;Tunisia;TUN;616,00;Tunisia 2023;TUN23;5,50
792,00;Turkey;2005;792;Turkey;TUR;640,00;Turkey 2005;TUR05;6,79
792,00;Turkey;2007;792;Turkey;TUR;640,00;Turkey 2007;TUR07;7,29
792,00;Turkey;2009;792;Turkey;TUR;640,00;Turkey 2009;TUR09;7,43
792,00;Turkey;2011;792;Turkey;TUR;640,00;Turkey 2011;TUR11;7,43
792,00;Turkey;2013;792;Turkey;TUR;640,00;Turkey 2013;TUR13;7,46
792,00;Turkey;2015;792;Turkey;TUR;640,00;Turkey 2015;TUR15;7,36
792,00;Turkey;2017;792;Turkey;TUR;640,00;Turkey 2017;TUR17;6,79
792,00;Turkey;2019;792;Turkey;TUR;640,00;Turkey 2019;TUR19;6,11
792,00;Turkey;2021;792;Turkey;TUR;640,00;Turkey 2021;TUR21;6,11
792,00;Turkey;2023;792;Turkey;TUR;640,00;Turkey 2023;TUR23;5,68
795,00;Turkmenistan;2005;795;Turkmenistan;TKM;701,00;Turkmenistan 2005;TKM05;3,82
795,00;Turkmenistan;2007;795;Turkmenistan;TKM;701,00;Turkmenistan 2007;TKM07;3,89
795,00;Turkmenistan;2009;795;Turkmenistan;TKM;701,00;Turkmenistan 2009;TKM09;4,32
795,00;Turkmenistan;2011;795;Turkmenistan;TKM;701,00;Turkmenistan 2011;TKM11;4,25
795,00;Turkmenistan;2013;795;Turkmenistan;TKM;701,00;Turkmenistan 2013;TKM13;4,11
795,00;Turkmenistan;2015;795;Turkmenistan;TKM;701,00;Turkmenistan 2015;TKM15;3,93
795,00;Turkmenistan;2017;795;Turkmenistan;TKM;701,00;Turkmenistan 2017;TKM17;3,43
795,00;Turkmenistan;2019;795;Turkmenistan;TKM;701,00;Turkmenistan 2019;TKM19;2,68
795,00;Turkmenistan;2021;795;Turkmenistan;TKM;701,00;Turkmenistan 2021;TKM21;2,64
795,00;Turkmenistan;2023;795;Turkmenistan;TKM;701,00;Turkmenistan 2023;TKM23;2,64
800,00;Uganda;2005;800;Uganda;UGA;500,00;Uganda 2005;UGA05;5,79
800,00;Uganda;2007;800;Uganda;UGA;500,00;Uganda 2007;UGA07;5,57
800,00;Uganda;2009;800;Uganda;UGA;500,00;Uganda 2009;UGA09;5,82
800,00;Uganda;2011;800;Uganda;UGA;500,00;Uganda 2011;UGA11;5,79
800,00;Uganda;2013;800;Uganda;UGA;500,00;Uganda 2013;UGA13;5,64
800,00;Uganda;2015;800;Uganda;UGA;500,00;Uganda 2015;UGA15;5,79
800,00;Uganda;2017;800;Uganda;UGA;500,00;Uganda 2017;UGA17;5,89
800,00;Uganda;2019;800;Uganda;UGA;500,00;Uganda 2019;UGA19;5,68
800,00;Uganda;2021;800;Uganda;UGA;500,00;Uganda 2021;UGA21;5,43
800,00;Uganda;2023;800;Uganda;UGA;500,00;Uganda 2023;UGA23;5,07
804,00;Ukraine;2005;804;Ukraine;UKR;369,00;Ukraine 2005;UKR05;6,82
804,00;Ukraine;2007;804;Ukraine;UKR;369,00;Ukraine 2007;UKR07;6,50
804,00;Ukraine;2009;804;Ukraine;UKR;369,00;Ukraine 2009;UKR09;6,11
804,00;Ukraine;2011;804;Ukraine;UKR;369,00;Ukraine 2011;UKR11;5,82
804,00;Ukraine;2013;804;Ukraine;UKR;369,00;Ukraine 2013;UKR13;5,68
804,00;Ukraine;2015;804;Ukraine;UKR;369,00;Ukraine 2015;UKR15;5,36
804,00;Ukraine;2017;804;Ukraine;UKR;369,00;Ukraine 2017;UKR17;6,18
804,00;Ukraine;2019;804;Ukraine;UKR;369,00;Ukraine 2019;UKR19;6,71
804,00;Ukraine;2021;804;Ukraine;UKR;369,00;Ukraine 2021;UKR21;6,71
804,00;Ukraine;2023;804;Ukraine;UKR;369,00;Ukraine 2023;UKR23;5,96
807,00;North Macedonia;2005;807;North Macedonia;MKD;343,00;North Macedonia 2005;MKD05;6,61
807,00;North Macedonia;2007;807;North Macedonia;MKD;343,00;North Macedonia 2007;MKD07;7,29
807,00;North Macedonia;2009;807;North Macedonia;MKD;343,00;North Macedonia 2009;MKD09;7,11
807,00;North Macedonia;2011;807;North Macedonia;MKD;343,00;North Macedonia 2011;MKD11;7,11
807,00;North Macedonia;2013;807;North Macedonia;MKD;343,00;North Macedonia 2013;MKD13;7,14
807,00;North Macedonia;2015;807;North Macedonia;MKD;343,00;North Macedonia 2015;MKD15;7,07
807,00;North Macedonia;2017;807;North Macedonia;MKD;343,00;North Macedonia 2017;MKD17;7,07
807,00;North Macedonia;2019;807;North Macedonia;MKD;343,00;North Macedonia 2019;MKD19;7,14
807,00;North Macedonia;2021;807;North Macedonia;MKD;343,00;North Macedonia 2021;MKD21;7,14
807,00;North Macedonia;2023;807;North Macedonia;MKD;343,00;North Macedonia 2023;MKD23;7,18
818,00;Egypt;2005;818;Egypt;EGY;651,00;Egypt 2005;EGY05;4,46
818,00;Egypt;2007;818;Egypt;EGY;651,00;Egypt 2007;EGY07;5,36
818,00;Egypt;2009;818;Egypt;EGY;651,00;Egypt 2009;EGY09;5,43
818,00;Egypt;2011;818;Egypt;EGY;651,00;Egypt 2011;EGY11;5,43
818,00;Egypt;2013;818;Egypt;EGY;651,00;Egypt 2013;EGY13;4,71
818,00;Egypt;2015;818;Egypt;EGY;651,00;Egypt 2015;EGY15;4,86
818,00;Egypt;2017;818;Egypt;EGY;651,00;Egypt 2017;EGY17;4,86
818,00;Egypt;2019;818;Egypt;EGY;651,00;Egypt 2019;EGY19;4,89
818,00;Egypt;2021;818;Egypt;EGY;651,00;Egypt 2021;EGY21;4,89
818,00;Egypt;2023;818;Egypt;EGY;651,00;Egypt 2023;EGY23;4,46
834,00;Tanzania, the United Republic of;2005;834;Tanzania;TZA;510,00;Tanzania 2005;TZA05;4,86
834,00;Tanzania, the United Republic of;2007;834;Tanzania;TZA;510,00;Tanzania 2007;TZA07;4,82
834,00;Tanzania, the United Republic of;2009;834;Tanzania;TZA;510,00;Tanzania 2009;TZA09;5,00
834,00;Tanzania, the United Republic of;2011;834;Tanzania;TZA;510,00;Tanzania 2011;TZA11;4,89
834,00;Tanzania, the United Republic of;2013;834;Tanzania;TZA;510,00;Tanzania 2013;TZA13;4,86
834,00;Tanzania, the United Republic of;2015;834;Tanzania;TZA;510,00;Tanzania 2015;TZA15;5,00
834,00;Tanzania, the United Republic of;2017;834;Tanzania;TZA;510,00;Tanzania 2017;TZA17;4,93
834,00;Tanzania, the United Republic of;2019;834;Tanzania;TZA;510,00;Tanzania 2019;TZA19;4,93
834,00;Tanzania, the United Republic of;2021;834;Tanzania;TZA;510,00;Tanzania 2021;TZA21;5,00
834,00;Tanzania, the United Republic of;2023;834;Tanzania;TZA;510,00;Tanzania 2023;TZA23;5,36
854,00;Burkina Faso;2005;854;Burkina Faso;BFA;439,00;Burkina Faso 2005;BFA05;4,57
854,00;Burkina Faso;2007;854;Burkina Faso;BFA;439,00;Burkina Faso 2007;BFA07;4,54
854,00;Burkina Faso;2009;854;Burkina Faso;BFA;439,00;Burkina Faso 2009;BFA09;4,32
854,00;Burkina Faso;2011;854;Burkina Faso;BFA;439,00;Burkina Faso 2011;BFA11;4,39
854,00;Burkina Faso;2013;854;Burkina Faso;BFA;439,00;Burkina Faso 2013;BFA13;4,68
854,00;Burkina Faso;2015;854;Burkina Faso;BFA;439,00;Burkina Faso 2015;BFA15;4,68
854,00;Burkina Faso;2017;854;Burkina Faso;BFA;439,00;Burkina Faso 2017;BFA17;4,50
854,00;Burkina Faso;2019;854;Burkina Faso;BFA;439,00;Burkina Faso 2019;BFA19;4,50
854,00;Burkina Faso;2021;854;Burkina Faso;BFA;439,00;Burkina Faso 2021;BFA21;4,36
854,00;Burkina Faso;2023;854;Burkina Faso;BFA;439,00;Burkina Faso 2023;BFA23;4,50
858,00;Uruguay;2005;858;Uruguay;URY;165,00;Uruguay 2005;URY05;7,43
858,00;Uruguay;2007;858;Uruguay;URY;165,00;Uruguay 2007;URY07;7,89
858,00;Uruguay;2009;858;Uruguay;URY;165,00;Uruguay 2009;URY09;8,61
858,00;Uruguay;2011;858;Uruguay;URY;165,00;Uruguay 2011;URY11;8,64
858,00;Uruguay;2013;858;Uruguay;URY;165,00;Uruguay 2013;URY13;8,71
858,00;Uruguay;2015;858;Uruguay;URY;165,00;Uruguay 2015;URY15;8,57
858,00;Uruguay;2017;858;Uruguay;URY;165,00;Uruguay 2017;URY17;8,43
858,00;Uruguay;2019;858;Uruguay;URY;165,00;Uruguay 2019;URY19;8,43
858,00;Uruguay;2021;858;Uruguay;URY;165,00;Uruguay 2021;URY21;8,29
858,00;Uruguay;2023;858;Uruguay;URY;165,00;Uruguay 2023;URY23;8,43
860,00;Uzbekistan;2005;860;Uzbekistan;UZB;704,00;Uzbekistan 2005;UZB05;3,79
860,00;Uzbekistan;2007;860;Uzbekistan;UZB;704,00;Uzbekistan 2007;UZB07;4,14
860,00;Uzbekistan;2009;860;Uzbekistan;UZB;704,00;Uzbekistan 2009;UZB09;3,61
860,00;Uzbekistan;2011;860;Uzbekistan;UZB;704,00;Uzbekistan 2011;UZB11;3,18
860,00;Uzbekistan;2013;860;Uzbekistan;UZB;704,00;Uzbekistan 2013;UZB13;3,32
860,00;Uzbekistan;2015;860;Uzbekistan;UZB;704,00;Uzbekistan 2015;UZB15;3,79
860,00;Uzbekistan;2017;860;Uzbekistan;UZB;704,00;Uzbekistan 2017;UZB17;4,29
860,00;Uzbekistan;2019;860;Uzbekistan;UZB;704,00;Uzbekistan 2019;UZB19;4,54
860,00;Uzbekistan;2021;860;Uzbekistan;UZB;704,00;Uzbekistan 2021;UZB21;4,57
860,00;Uzbekistan;2023;860;Uzbekistan;UZB;704,00;Uzbekistan 2023;UZB23;4,79
862,00;Venezuela (Bolivarian Republic of);2005;862;Venezuela;VEN;101,00;Venezuela 2005;VEN05;4,89
862,00;Venezuela (Bolivarian Republic of);2007;862;Venezuela;VEN;101,00;Venezuela 2007;VEN07;4,64
862,00;Venezuela (Bolivarian Republic of);2009;862;Venezuela;VEN;101,00;Venezuela 2009;VEN09;4,75
862,00;Venezuela (Bolivarian Republic of);2011;862;Venezuela;VEN;101,00;Venezuela 2011;VEN11;4,54
862,00;Venezuela (Bolivarian Republic of);2013;862;Venezuela;VEN;101,00;Venezuela 2013;VEN13;4,68
862,00;Venezuela (Bolivarian Republic of);2015;862;Venezuela;VEN;101,00;Venezuela 2015;VEN15;4,07
862,00;Venezuela (Bolivarian Republic of);2017;862;Venezuela;VEN;101,00;Venezuela 2017;VEN17;3,14
862,00;Venezuela (Bolivarian Republic of);2019;862;Venezuela;VEN;101,00;Venezuela 2019;VEN19;2,46
862,00;Venezuela (Bolivarian Republic of);2021;862;Venezuela;VEN;101,00;Venezuela 2021;VEN21;2,21
862,00;Venezuela (Bolivarian Republic of);2023;862;Venezuela;VEN;101,00;Venezuela 2023;VEN23;2,39
887,00;Yemen;2005;887;Yemen;YEM;679,00;Yemen 2005;YEM05;3,57
887,00;Yemen;2007;887;Yemen;YEM;679,00;Yemen 2007;YEM07;3,93
887,00;Yemen;2009;887;Yemen;YEM;679,00;Yemen 2009;YEM09;3,93
887,00;Yemen;2011;887;Yemen;YEM;679,00;Yemen 2011;YEM11;4,00
887,00;Yemen;2013;887;Yemen;YEM;679,00;Yemen 2013;YEM13;2,89
887,00;Yemen;2015;887;Yemen;YEM;679,00;Yemen 2015;YEM15;3,00
887,00;Yemen;2017;887;Yemen;YEM;679,00;Yemen 2017;YEM17;1,64
887,00;Yemen;2019;887;Yemen;YEM;679,00;Yemen 2019;YEM19;1,54
887,00;Yemen;2021;887;Yemen;YEM;679,00;Yemen 2021;YEM21;1,32
887,00;Yemen;2023;887;Yemen;YEM;679,00;Yemen 2023;YEM23;1,32
894,00;Zambia;2005;894;Zambia;ZMB;551,00;Zambia 2005;ZMB05;5,64
894,00;Zambia;2007;894;Zambia;ZMB;551,00;Zambia 2007;ZMB07;5,14
894,00;Zambia;2009;894;Zambia;ZMB;551,00;Zambia 2009;ZMB09;5,32
894,00;Zambia;2011;894;Zambia;ZMB;551,00;Zambia 2011;ZMB11;5,18
894,00;Zambia;2013;894;Zambia;ZMB;551,00;Zambia 2013;ZMB13;5,39
894,00;Zambia;2015;894;Zambia;ZMB;551,00;Zambia 2015;ZMB15;5,14
894,00;Zambia;2017;894;Zambia;ZMB;551,00;Zambia 2017;ZMB17;4,89
894,00;Zambia;2019;894;Zambia;ZMB;551,00;Zambia 2019;ZMB19;4,57
894,00;Zambia;2021;894;Zambia;ZMB;551,00;Zambia 2021;ZMB21;4,07
894,00;Zambia;2023;894;Zambia;ZMB;551,00;Zambia 2023;ZMB23;4,54
